order_id,order_date,customer_id,customer_name,segment,category,product,region,sales_channel,quantity,unit_price,discount,sales,cost,profit
ORD-10001,2024-10-08,CUST-0126,Customer 0126,Home Office,Electronics,Laptop,North,Marketplace,4,803.21,0.0,3212.84,2528.01,684.83
ORD-10002,2024-01-31,CUST-0048,Customer 0048,Consumer,Fashion,T-Shirt,West,Online,4,25.04,0.0,100.16,56.02,44.14
ORD-10003,2024-01-07,CUST-0082,Customer 0082,Corporate,Fashion,Jacket,North,Online,7,84.0,0.05,558.6,349.33,209.27
ORD-10004,2025-01-02,CUST-0177,Customer 0177,Corporate,Fashion,T-Shirt,North,Marketplace,5,26.72,0.0,133.6,98.55,35.05
ORD-10005,2025-08-14,CUST-0099,Customer 0099,Consumer,Office Supplies,Pen Set,South,Online,2,18.87,0.0,37.74,30.97,6.77
ORD-10006,2025-04-09,CUST-0326,Customer 0326,Corporate,Fashion,Jacket,North,Marketplace,6,86.49,0.0,518.94,323.47,195.47
ORD-10007,2024-06-16,CUST-0237,Customer 0237,Home Office,Furniture,Desk,South,Marketplace,7,252.31,0.05,1677.86,1298.66,379.2
ORD-10008,2024-08-22,CUST-0017,Customer 0017,Home Office,Office Supplies,Notebook,East,Online,6,11.16,0.1,60.26,37.59,22.67
ORD-10009,2025-10-20,CUST-0235,Customer 0235,Home Office,Fashion,Sneakers,East,Marketplace,3,98.11,0.05,279.61,226.69,52.92
ORD-10010,2025-08-20,CUST-0205,Customer 0205,Corporate,Home & Kitchen,Vacuum Cleaner,North,Online,6,241.33,0.0,1447.98,866.49,581.49
ORD-10011,2025-10-04,CUST-0082,,Corporate,Electronics,Smartphone,East,Marketplace,7,434.53,0.15,2585.45,1767.33,818.12
ORD-10012,2025-11-29,CUST-0275,Customer 0275,Consumer,Electronics,Laptop,West,Online,5,714.04,0.2,2856.16,1864.29,991.87
ORD-10013,2025-06-03,CUST-0055,Customer 0055,Corporate,Office Supplies,Printer,South,Marketplace,5,280.64,0.2,1122.56,695.56,427.0
ORD-10014,2025-09-05,CUST-0166,Customer 0166,Corporate,Home & Kitchen,Blender,South,Online,8,66.27,0.0,530.16,358.94,171.22
ORD-10015,2024-03-28,CUST-0249,Customer 0249,Corporate,Furniture,Office Chair,South,Retail Store,2,161.96,0.15,275.33,163.8,111.53
ORD-10016,2024-08-04,CUST-0277,Customer 0277,Home Office,Home & Kitchen,Vacuum Cleaner,East,Retail Store,4,198.14,0.2,634.05,569.57,64.48
ORD-10017,2024-05-03,CUST-0127,Customer 0127,Consumer,Home & Kitchen,Vacuum Cleaner,South,Online,4,199.8,0.0,799.2,604.12,195.08
ORD-10018,2024-08-22,CUST-0035,Customer 0035,Home Office,Electronics,Laptop,West,Online,1,653.44,0.05,620.77,393.13,227.64
ORD-10019,2025-08-07,CUST-0296,Customer 0296,Consumer,Home & Kitchen,Cookware Set,North,Online,8,151.95,0.0,1215.6,1012.14,203.46
ORD-10020,2025-03-09,CUST-0211,Customer 0211,Home Office,Fashion,Jacket,North,Online,8,77.96,0.2,498.94,388.53,110.41
ORD-10021,2024-04-21,CUST-0128,Customer 0128,Consumer,Fashion,Jacket,East,Retail Store,4,90.98,0.0,363.92,218.01,145.91
ORD-10022,2025-03-29,CUST-0282,Customer 0282,Consumer,Furniture,Office Chair,North,Online,2,156.85,0.0,313.7,231.89,81.81
ORD-10023,2025-05-12,CUST-0247,Customer 0247,Consumer,Furniture,Sofa,West,Retail Store,4,728.48,0.1,2622.53,1593.51,1029.02
ORD-10024,2025-03-09,CUST-0285,Customer 0285,Consumer,Fashion,Jacket,North,Marketplace,8,81.63,0.0,653.04,408.93,244.11
ORD-10025,2024-02-21,CUST-0300,Customer 0300,Consumer,Office Supplies,Notebook,North,Online,8,13.51,0.15,91.87,67.61,24.26
ORD-10026,2025-11-22,CUST-0121,Customer 0121,Home Office,Electronics,Laptop,,Marketplace,7,849.36,0.0,5945.52,4455.49,1490.03
ORD-10027,2025-11-04,CUST-0299,Customer 0299,Consumer,Electronics,Smartwatch,East,Retail Store,6,164.03,0.05,934.97,748.6,186.37
ORD-10028,2025-04-13,CUST-0162,Customer 0162,Consumer,Furniture,Bookshelf,North,Marketplace,2,118.5,0.0,237.0,213.17,23.83
ORD-10029,2024-05-15,CUST-0179,Customer 0179,Home Office,Furniture,Bookshelf,East,Marketplace,2,115.3,0.0,230.6,139.56,91.04
ORD-10030,2025-11-14,CUST-0284,Customer 0284,Corporate,Home & Kitchen,Blender,North,Online,5,66.08,0.2,264.32,226.61,37.71
ORD-10031,2024-10-05,CUST-0145,Customer 0145,Corporate,Home & Kitchen,Cookware Set,West,Retail Store,4,133.4,0.2,426.88,337.5,89.38
ORD-10032,2025-10-11,CUST-0217,Customer 0217,Home Office,Electronics,Laptop,East,Online,5,638.3,0.0,3191.5,2616.68,574.82
ORD-10033,2025-07-28,CUST-0005,Customer 0005,Consumer,Fashion,Sneakers,North,Retail Store,2,124.69,0.0,249.38,197.47,51.91
ORD-10034,2025-03-16,CUST-0066,Customer 0066,Consumer,Home & Kitchen,Cookware Set,East,Online,1,134.32,0.05,127.6,111.85,15.75
ORD-10035,2024-12-28,CUST-0287,Customer 0287,Consumer,Furniture,Office Chair,South,Online,7,161.23,0.15,959.32,838.46,120.86
ORD-10036,2024-07-02,CUST-0171,Customer 0171,Corporate,Fashion,T-Shirt,South,Marketplace,7,27.73,0.2,155.29,129.47,25.82
ORD-10037,2024-02-09,CUST-0241,Customer 0241,Corporate,Electronics,Smartwatch,South,Online,4,197.1,0.0,788.4,560.64,227.76
ORD-10038,2025-02-12,CUST-0169,Customer 0169,Home Office,Electronics,Smartphone,West,Marketplace,5,570.03,0.0,2850.15,1846.02,1004.13
ORD-10039,2024-01-29,CUST-0060,Customer 0060,Consumer,Home & Kitchen,Lamp,North,Marketplace,5,46.09,0.0,230.45,206.08,24.37
ORD-10040,2024-11-17,CUST-0224,Customer 0224,Consumer,Fashion,Jacket,West,Online,2,100.79,0.1,181.42,111.85,69.57
ORD-10041,2025-01-07,CUST-0221,Customer 0221,Home Office,Home & Kitchen,Cookware Set,North,Marketplace,2,157.67,,252.27,193.77,58.5
ORD-10042,2025-11-13,CUST-0210,Customer 0210,Consumer,Office Supplies,Pen Set,West,Marketplace,6,19.06,0.1,102.92,76.58,26.34
ORD-10043,2025-09-22,CUST-0292,Customer 0292,Corporate,Fashion,Jeans,South,Retail Store,5,55.79,0.1,251.06,138.12,112.94
ORD-10044,2025-04-21,CUST-0227,Customer 0227,Home Office,Home & Kitchen,Lamp,South,Marketplace,8,41.13,0.2,263.23,188.37,74.86
ORD-10045,2025-06-11,CUST-0340,Customer 0340,Home Office,Electronics,Headphones,East,Online,6,87.64,0.0,525.84,427.45,98.39
ORD-10046,2024-01-26,CUST-0024,Customer 0024,Corporate,Furniture,Desk,West,Marketplace,4,227.34,0.1,818.42,670.26,148.16
ORD-10047,2025-12-14,CUST-0197,Customer 0197,Consumer,Home & Kitchen,Cookware Set,North,Retail Store,8,129.25,0.1,930.6,725.51,205.09
ORD-10048,2025-12-13,CUST-0266,Customer 0266,Consumer,Furniture,Desk,West,Online,8,223.79,0.0,1790.32,1559.57,230.75
ORD-10049,2025-03-29,CUST-0314,Customer 0314,Corporate,Fashion,Jacket,West,Retail Store,7,88.54,0.15,526.81,319.09,207.72
ORD-10050,2025-06-17,CUST-0249,Customer 0249,Consumer,Furniture,Bookshelf,East,Retail Store,4,117.84,0.05,447.79,358.12,89.67
ORD-10051,2024-05-21,CUST-0078,Customer 0078,Consumer,Office Supplies,Notebook,West,Retail Store,4,12.7,0.1,45.72,36.45,9.27
ORD-10052,2025-03-01,CUST-0032,Customer 0032,Home Office,Office Supplies,Paper Pack,North,Marketplace,4,24.17,0.1,87.01,71.3,15.71
ORD-10053,2024-01-07,CUST-0181,Customer 0181,Corporate,Fashion,Sneakers,South,Retail Store,5,121.66,0.1,547.47,483.8,63.67
ORD-10054,2025-03-22,CUST-0249,Customer 0249,Corporate,Furniture,Bookshelf,South,Retail Store,1,114.1,0.1,102.69,80.89,21.8
ORD-10055,2025-02-07,CUST-0304,Customer 0304,Corporate,Furniture,Office Chair,South,Online,1,156.42,0.0,156.42,93.46,62.96
ORD-10056,2024-12-01,CUST-0109,Customer 0109,Corporate,Office Supplies,Paper Pack,West,Retail Store,8,23.78,0.05,180.73,155.04,25.69
ORD-10057,2024-01-20,CUST-0277,Customer 0277,Home Office,Electronics,Smartwatch,North,Online,1,165.11,0.05,156.85,90.03,66.82
ORD-10058,2024-01-21,CUST-0319,Customer 0319,Home Office,Furniture,Desk,South,Retail Store,3,195.33,0.0,585.99,459.6,126.39
ORD-10059,2024-06-20,CUST-0311,Customer 0311,Consumer,Office Supplies,Pen Set,East,Marketplace,2,20.51,0.0,41.02,24.11,16.91
ORD-10060,2024-07-22,CUST-0039,Customer 0039,Home Office,Fashion,Sneakers,North,Marketplace,4,116.51,0.0,466.04,305.51,160.53
ORD-10061,2025-06-29,CUST-0220,Customer 0220,Corporate,Electronics,Headphones,West,Online,6,80.14,0.0,480.84,321.89,158.95
ORD-10062,2025-10-12,CUST-0236,Customer 0236,Home Office,Fashion,Jacket,East,Marketplace,3,81.26,0.1,219.4,160.73,58.67
ORD-10063,2025-04-21,CUST-0224,Customer 0224,Consumer,Home & Kitchen,Vacuum Cleaner,East,Retail Store,5,232.16,0.05,1102.76,927.15,175.61
ORD-10064,2025-08-06,CUST-0313,Customer 0313,Consumer,Furniture,Sofa,West,Online,7,558.1,0.05,3711.37,3146.62,564.75
ORD-10065,2024-12-14,CUST-0144,Customer 0144,Consumer,Office Supplies,Pen Set,South,Marketplace,5,15.35,0.15,65.24,57.53,7.71
ORD-10066,2025-07-22,CUST-0124,Customer 0124,Consumer,Fashion,Sneakers,North,Retail Store,8,116.99,0.2,748.74,529.26,219.48
ORD-10067,2025-12-09,CUST-0125,Customer 0125,Home Office,Furniture,Sofa,East,Retail Store,5,665.9,0.2,2663.6,1906.18,757.42
ORD-10068,2024-12-26,CUST-0233,Customer 0233,Consumer,Home & Kitchen,Lamp,East,Online,5,41.64,0.05,197.79,117.14,80.65
ORD-10069,2024-07-15,CUST-0111,Customer 0111,Home Office,Home & Kitchen,Cookware Set,East,Online,8,149.43,0.05,1135.67,1012.8,122.87
ORD-10070,2024-08-20,CUST-0185,Customer 0185,Corporate,Furniture,Bookshelf,North,Online,3,102.51,0.05,292.15,215.3,76.85
ORD-10071,2025-12-15,CUST-0065,Customer 0065,Corporate,Home & Kitchen,Lamp,West,Retail Store,8,50.03,0.0,400.24,300.55,99.69
ORD-10072,2024-02-22,CUST-0130,Customer 0130,Consumer,Office Supplies,Printer,North,Online,8,307.06,0.0,2456.48,1695.58,760.9
ORD-10073,2024-03-28,CUST-0128,Customer 0128,Home Office,Furniture,Bookshelf,South,Marketplace,2,129.52,0.15,220.18,167.82,52.36
ORD-10074,2025-03-29,CUST-0153,Customer 0153,Home Office,Fashion,Sneakers,North,Online,7,112.26,0.05,746.53,426.33,320.2
ORD-10075,2025-11-07,CUST-0042,Customer 0042,Consumer,Furniture,Bookshelf,West,Retail Store,3,108.26,0.0,324.78,187.16,137.62
ORD-10076,2024-10-25,CUST-0017,Customer 0017,Corporate,Home & Kitchen,Vacuum Cleaner,North,Marketplace,4,223.04,0.05,847.55,674.69,172.86
ORD-10077,2025-10-02,CUST-0302,Customer 0302,Consumer,Furniture,Bookshelf,East,Online,4,106.13,0.1,382.07,240.2,141.87
ORD-10078,2024-06-18,CUST-0158,Customer 0158,Home Office,Electronics,Laptop,West,Retail Store,5,665.48,0.1,2994.66,2368.89,625.77
ORD-10079,2025-03-24,CUST-0042,Customer 0042,Consumer,Home & Kitchen,Vacuum Cleaner,North,Online,1,224.78,0.1,202.3,154.01,48.29
ORD-10080,2025-11-19,CUST-0138,Customer 0138,Corporate,Home & Kitchen,Blender,South,Marketplace,1,74.34,0.0,74.34,57.84,16.5
ORD-10081,2024-04-03,CUST-0241,Customer 0241,Consumer,Fashion,Sneakers,East,Retail Store,6,104.5,0.1,564.3,442.72,121.58
ORD-10082,2025-11-09,CUST-0206,Customer 0206,Consumer,Fashion,Jacket,West,Marketplace,1,78.88,0.1,70.99,45.32,25.67
ORD-10083,2025-02-27,CUST-0028,Customer 0028,Home Office,Electronics,Smartwatch,West,Online,4,172.54,0.15,586.64,477.97,108.67
ORD-10084,2025-07-16,CUST-0068,Customer 0068,Consumer,Furniture,Bookshelf,South,Marketplace,5,133.71,0.1,601.7,433.01,168.69
ORD-10085,2025-07-18,CUST-0008,Customer 0008,Consumer,Furniture,Bookshelf,West,Online,7,110.09,0.0,770.63,650.79,119.84
ORD-10086,2024-10-25,CUST-0261,Customer 0261,Consumer,Furniture,Sofa,West,Marketplace,5,715.27,0.1,3218.72,2874.59,344.13
ORD-10087,2024-07-14,CUST-0307,Customer 0307,Corporate,Furniture,Sofa,East,Marketplace,3,606.37,0.0,1819.11,1503.5,315.61
ORD-10088,2024-10-16,CUST-0153,Customer 0153,Corporate,Office Supplies,Notebook,West,Retail Store,8,11.81,0.0,94.48,67.98,26.5
ORD-10089,2025-12-15,CUST-0123,Customer 0123,Corporate,Office Supplies,Printer,West,Marketplace,7,309.91,0.0,2169.37,1505.05,664.32
ORD-10090,2025-11-10,CUST-0334,Customer 0334,Home Office,Fashion,Sneakers,East,Online,3,125.34,0.1,338.42,201.08,137.34
ORD-10091,2025-06-22,CUST-0234,Customer 0234,Consumer,Fashion,T-Shirt,North,Retail Store,1,22.33,0.2,17.86,15.27,2.59
ORD-10092,2025-09-30,CUST-0204,Customer 0204,Corporate,Office Supplies,Pen Set,East,Marketplace,2,19.9,0.05,37.81,32.17,5.64
ORD-10093,2025-09-24,CUST-0036,Customer 0036,Consumer,Fashion,T-Shirt,North,Retail Store,4,26.38,0.2,84.42,54.92,29.5
ORD-10094,2025-03-30,CUST-0086,Customer 0086,Corporate,Electronics,Laptop,East,Retail Store,5,647.85,0.0,3239.25,2684.21,555.04
ORD-10095,2024-09-07,CUST-0272,Customer 0272,Consumer,Fashion,Jeans,North,Marketplace,7,58.0,0.15,345.1,211.55,133.55
ORD-10096,2025-05-24,CUST-0299,Customer 0299,Corporate,Fashion,Jeans,North,Retail Store,3,54.36,0.0,163.08,104.19,58.89
ORD-10097,2024-03-16,CUST-0227,Customer 0227,Home Office,Office Supplies,Printer,East,Retail Store,6,263.13,0.15,1341.96,1189.93,152.03
ORD-10098,2025-01-28,CUST-0248,Customer 0248,Corporate,Office Supplies,Printer,East,Online,2,270.03,0.0,540.06,364.88,175.18
ORD-10099,2024-01-09,CUST-0290,Customer 0290,Corporate,Fashion,Jacket,South,Marketplace,1,96.62,0.15,82.13,69.11,13.02
ORD-10100,2025-10-13,CUST-0098,Customer 0098,Home Office,Office Supplies,Printer,South,Marketplace,5,301.47,0.2,1205.88,987.15,218.73
ORD-10101,2024-11-12,CUST-0226,Customer 0226,Corporate,Electronics,Laptop,East,Marketplace,1,719.59,0.15,611.65,364.54,247.11
ORD-10102,2024-07-24,CUST-0068,Customer 0068,Consumer,Fashion,Jeans,East,Retail Store,6,55.03,0.15,280.65,181.13,99.52
ORD-10103,2024-04-27,CUST-0240,Customer 0240,Home Office,Office Supplies,Pen Set,West,Marketplace,2,19.37,0.0,38.74,24.37,14.37
ORD-10104,2025-02-08,CUST-0008,Customer 0008,Home Office,Office Supplies,Notebook,East,Marketplace,5,10.64,0.15,45.22,30.7,14.52
ORD-10105,2024-04-20,CUST-0346,Customer 0346,Home Office,Fashion,Jacket,East,Marketplace,4,77.18,0.1,277.85,238.81,39.04
ORD-10106,2025-10-12,CUST-0238,Customer 0238,Consumer,Furniture,Office Chair,East,Retail Store,5,145.87,0.2,583.48,349.46,234.02
ORD-10107,2024-08-28,CUST-0276,Customer 0276,Home Office,Electronics,Laptop,West,Marketplace,3,739.57,0.1,1996.84,1566.86,429.98
ORD-10108,2025-11-01,CUST-0051,Customer 0051,Consumer,Furniture,Sofa,East,Online,8,632.08,0.15,4298.14,3795.4,502.74
ORD-10109,2024-08-29,CUST-0186,Customer 0186,Home Office,Fashion,Sneakers,East,Online,2,105.62,0.2,168.99,146.28,22.71
ORD-10110,2024-07-13,CUST-0063,Customer 0063,Home Office,Fashion,Jacket,North,Online,8,94.39,0.0,755.12,584.91,170.21
ORD-10111,2024-05-08,CUST-0290,Customer 0290,Home Office,Office Supplies,Printer,South,Online,4,307.7,0.0,1230.8,915.68,315.12
ORD-10112,2025-09-02,CUST-0002,Customer 0002,Consumer,Office Supplies,Printer,North,Marketplace,5,320.95,0.0,1604.75,1186.03,418.72
ORD-10113,2024-01-16,CUST-0184,Customer 0184,Consumer,Electronics,Smartphone,South,Marketplace,4,473.57,0.15,1610.14,983.77,626.37
ORD-10114,2024-03-06,CUST-0244,Customer 0244,Home Office,Fashion,T-Shirt,South,Marketplace,8,25.1,0.05,190.76,112.2,78.56
ORD-10115,2025-04-14,CUST-0330,Customer 0330,Corporate,Electronics,Headphones,North,Retail Store,1,91.97,0.0,91.97,77.86,14.11
ORD-10116,2024-03-23,CUST-0165,Customer 0165,Home Office,Fashion,T-Shirt,East,Retail Store,3,22.2,0.0,66.6,51.18,15.42
ORD-10117,2025-04-09,CUST-0259,Customer 0259,Home Office,Home & Kitchen,Lamp,South,Retail Store,7,48.96,0.0,342.72,202.22,140.5
ORD-10118,2025-02-27,CUST-0174,Customer 0174,Corporate,Fashion,Jeans,East,Marketplace,8,53.61,0.1,385.99,225.14,160.85
ORD-10119,2024-06-05,CUST-0243,Customer 0243,Consumer,Office Supplies,Pen Set,East,Online,2,19.79,0.0,39.58,23.06,16.52
ORD-10120,2025-08-23,CUST-0288,Customer 0288,Home Office,Home & Kitchen,Blender,West,Marketplace,6,66.5,0.2,319.2,215.06,104.14
ORD-10121,2025-09-06,CUST-0160,Customer 0160,Home Office,Electronics,Headphones,West,Online,6,81.87,0.0,491.22,306.75,184.47
ORD-10122,2025-07-23,CUST-0189,Customer 0189,Home Office,Electronics,Headphones,North,Marketplace,2,81.78,0.05,155.38,129.36,26.02
ORD-10123,2024-07-03,CUST-0140,Customer 0140,Consumer,Office Supplies,Notebook,West,Online,5,11.46,0.05,54.44,33.4,21.04
ORD-10124,2024-04-03,CUST-0272,Customer 0272,Corporate,Furniture,Office Chair,East,Marketplace,4,146.39,0.1,527.0,352.73,174.27
ORD-10125,2024-02-23,CUST-0080,Customer 0080,Corporate,Office Supplies,Notebook,West,Retail Store,3,10.38,0.15,26.47,15.31,11.16
ORD-10126,2025-02-28,CUST-0140,Customer 0140,Corporate,Home & Kitchen,Vacuum Cleaner,West,Marketplace,4,185.67,0.15,631.28,442.19,189.09
ORD-10127,2024-08-13,CUST-0203,Customer 0203,Consumer,Office Supplies,Notebook,East,Retail Store,1,10.94,0.0,10.94,9.64,1.3
ORD-10128,2024-01-08,CUST-0255,Customer 0255,Consumer,Office Supplies,Notebook,East,Online,7,10.67,0.0,74.69,55.0,19.69
ORD-10129,2025-03-22,CUST-0010,Customer 0010,Home Office,Fashion,T-Shirt,West,Marketplace,8,27.72,0.0,221.76,166.66,55.1
ORD-10130,2024-04-27,CUST-0208,Customer 0208,Corporate,Fashion,Jacket,East,Online,1,81.14,0.05,77.08,67.96,9.12
ORD-10131,2024-09-06,CUST-0224,Customer 0224,Home Office,Fashion,T-Shirt,East,Online,7,21.84,0.15,129.95,111.07,18.88
ORD-10132,2024-03-19,CUST-0262,Customer 0262,Corporate,Office Supplies,Printer,East,Marketplace,2,280.84,0.15,477.43,413.97,63.46
ORD-10133,2024-04-15,CUST-0075,Customer 0075,Home Office,Furniture,Desk,North,Online,5,198.45,0.0,992.25,598.83,393.42
ORD-10134,2025-07-31,CUST-0297,Customer 0297,Home Office,Fashion,Sneakers,East,Marketplace,8,124.0,0.2,793.6,593.27,200.33
ORD-10135,2025-03-26,CUST-0035,Customer 0035,Home Office,Office Supplies,Printer,North,Retail Store,8,291.04,0.1,2095.49,1736.56,358.93
ORD-10136,2024-11-13,CUST-0237,Customer 0237,Consumer,Home & Kitchen,Blender,North,Marketplace,8,65.03,0.0,520.24,437.57,82.67
ORD-10137,2025-04-18,CUST-0298,Customer 0298,Consumer,Home & Kitchen,Vacuum Cleaner,East,Marketplace,1,235.77,0.1,212.19,159.16,53.03
ORD-10138,2024-03-04,CUST-0231,Customer 0231,Home Office,Fashion,Jeans,South,Online,2,62.96,0.05,119.62,69.32,50.3
ORD-10139,2025-03-25,CUST-0269,Customer 0269,Corporate,Furniture,Sofa,East,Marketplace,3,625.21,0.05,1781.85,1156.44,625.41
ORD-10140,2025-10-08,CUST-0332,Customer 0332,Corporate,Home & Kitchen,Blender,East,Retail Store,6,71.17,0.0,427.02,318.25,108.77
ORD-10141,2024-12-07,CUST-0042,Customer 0042,Home Office,Home & Kitchen,Cookware Set,West,Online,3,132.03,0.05,376.29,293.36,82.93
ORD-10142,2024-11-13,CUST-0287,Customer 0287,Home Office,Home & Kitchen,Blender,North,Marketplace,7,81.56,0.2,456.74,381.2,75.54
ORD-10143,2024-01-19,CUST-0186,Customer 0186,Corporate,Fashion,Jacket,South,Online,5,102.18,0.0,510.9,342.1,168.8
ORD-10144,2024-03-20,CUST-0152,Customer 0152,Home Office,Furniture,Desk,North,Marketplace,2,237.88,0.15,404.4,340.62,63.78
ORD-10145,2025-09-03,CUST-0193,Customer 0193,Home Office,Office Supplies,Printer,South,Marketplace,3,253.19,0.0,759.57,601.96,157.61
ORD-10146,2025-02-24,CUST-0187,Customer 0187,Corporate,Fashion,T-Shirt,South,Marketplace,4,25.83,0.1,92.99,75.63,17.36
ORD-10147,2025-04-25,CUST-0100,Customer 0100,Corporate,Furniture,Bookshelf,East,Retail Store,6,136.1,0.2,653.28,584.39,68.89
ORD-10148,2024-06-14,CUST-0103,Customer 0103,Corporate,Home & Kitchen,Vacuum Cleaner,North,Marketplace,3,181.79,0.05,518.1,372.1,146.0
ORD-10149,2024-10-18,CUST-0043,Customer 0043,Corporate,Home & Kitchen,Blender,North,Online,3,73.86,0.05,210.5,153.6,56.9
ORD-10150,2024-01-28,CUST-0213,Customer 0213,Consumer,Fashion,Jacket,East,Online,1,90.05,0.1,81.05,51.27,29.78
ORD-10151,2024-04-11,CUST-0333,Customer 0333,Corporate,Electronics,Headphones,South,Marketplace,6,71.3,0.0,427.8,278.24,149.56
ORD-10152,2025-09-22,CUST-0003,Customer 0003,Home Office,Fashion,Sneakers,West,Online,2,101.95,0.0,203.9,171.73,32.17
ORD-10153,2024-11-04,CUST-0063,Customer 0063,Corporate,Office Supplies,Printer,North,Online,1,273.27,0.0,273.27,226.23,47.04
ORD-10154,2025-10-09,CUST-0264,Customer 0264,Home Office,Fashion,T-Shirt,East,Online,4,22.33,0.2,71.46,50.04,21.42
ORD-10155,2024-07-10,CUST-0341,Customer 0341,Home Office,Home & Kitchen,Vacuum Cleaner,North,Retail Store,2,239.9,0.15,407.83,233.97,173.86
ORD-10156,2025-10-12,CUST-0199,Customer 0199,Consumer,Fashion,T-Shirt,East,Online,6,26.85,0.05,153.05,103.31,49.74
ORD-10157,2024-05-16,CUST-0023,Customer 0023,Home Office,Electronics,Headphones,West,Marketplace,6,76.13,0.15,388.26,300.89,87.37
ORD-10158,2024-05-18,CUST-0033,Customer 0033,Consumer,Fashion,Jeans,North,Retail Store,8,51.59,0.0,412.72,233.32,179.4
ORD-10159,2025-07-10,CUST-0243,Customer 0243,Corporate,Office Supplies,Paper Pack,North,Marketplace,5,26.9,0.0,134.5,82.97,51.53
ORD-10160,2024-05-07,CUST-0189,Customer 0189,Corporate,Office Supplies,Pen Set,East,Online,7,19.31,0.1,121.65,105.0,16.65
ORD-10161,2025-01-11,CUST-0266,Customer 0266,Home Office,Fashion,Sneakers,South,Marketplace,5,117.49,0.0,587.45,339.33,248.12
ORD-10162,2024-04-15,CUST-0041,Customer 0041,Home Office,Office Supplies,Pen Set,West,Online,6,16.9,0.2,81.12,57.28,23.84
ORD-10163,2025-04-02,CUST-0022,Customer 0022,Consumer,Fashion,Jacket,North,Marketplace,6,103.45,0.15,527.6,340.88,186.72
ORD-10164,2025-06-09,CUST-0348,Customer 0348,Corporate,Fashion,Jacket,North,Online,3,80.36,0.0,241.08,183.86,57.22
ORD-10165,2025-10-22,CUST-0188,Customer 0188,Consumer,Electronics,Smartphone,West,Retail Store,6,567.42,0.1,3064.07,1719.97,1344.1
ORD-10166,2024-03-19,CUST-0294,Customer 0294,Corporate,Office Supplies,Paper Pack,South,Online,3,24.0,0.15,61.2,40.39,20.81
ORD-10167,2025-05-26,CUST-0266,Customer 0266,Home Office,Electronics,Smartphone,West,Online,7,442.66,0.15,2633.83,2163.0,470.83
ORD-10168,2025-12-11,CUST-0252,Customer 0252,Consumer,Home & Kitchen,Lamp,West,Online,4,40.08,0.0,160.32,92.33,67.99
ORD-10169,2025-12-27,CUST-0034,Customer 0034,Home Office,Office Supplies,Pen Set,South,Retail Store,5,19.9,0.05,94.52,75.53,18.99
ORD-10170,2024-05-04,CUST-0103,Customer 0103,Home Office,Home & Kitchen,Cookware Set,East,Retail Store,3,152.2,0.0,456.6,255.33,201.27
ORD-10171,2025-09-18,CUST-0045,Customer 0045,Corporate,Home & Kitchen,Cookware Set,West,Retail Store,2,135.72,0.05,257.87,206.53,51.34
ORD-10172,2024-05-08,CUST-0163,Customer 0163,Consumer,Home & Kitchen,Blender,South,Online,2,74.23,0.1,133.61,97.68,35.93
ORD-10173,2024-05-07,CUST-0266,Customer 0266,Home Office,Fashion,T-Shirt,South,Retail Store,3,22.48,0.05,64.07,42.47,21.6
ORD-10174,2024-03-21,CUST-0129,Customer 0129,Home Office,Home & Kitchen,Lamp,East,Marketplace,4,51.16,0.2,163.71,105.77,57.94
ORD-10175,2025-05-29,CUST-0329,Customer 0329,Home Office,Home & Kitchen,Blender,East,Marketplace,3,84.94,0.15,216.6,130.82,85.78
ORD-10176,2024-03-24,CUST-0024,Customer 0024,Home Office,Electronics,Laptop,North,Retail Store,5,684.93,0.2,2739.72,2055.47,684.25
ORD-10177,2025-10-19,CUST-0155,Customer 0155,Corporate,Home & Kitchen,Lamp,West,Online,8,49.11,0.0,392.88,310.28,82.6
ORD-10178,2025-03-26,CUST-0213,Customer 0213,Corporate,Electronics,Smartphone,East,Marketplace,8,455.6,0.1,3280.32,2500.69,779.63
ORD-10179,2024-05-13,CUST-0190,Customer 0190,Corporate,Office Supplies,Paper Pack,South,Online,2,23.06,0.05,43.81,25.97,17.84
ORD-10180,2024-10-24,CUST-0197,Customer 0197,Corporate,Electronics,Laptop,East,Online,7,854.1,0.0,5978.7,5176.41,802.29
ORD-10181,2025-06-11,CUST-0240,Customer 0240,Corporate,Furniture,Sofa,West,Online,8,649.49,0.05,4936.12,2870.44,2065.68
ORD-10182,2024-02-19,CUST-0026,Customer 0026,Home Office,Furniture,Bookshelf,West,Retail Store,5,123.51,0.1,555.8,469.65,86.15
ORD-10183,2024-04-20,CUST-0221,Customer 0221,Corporate,Home & Kitchen,Blender,North,Retail Store,3,80.12,0.05,228.34,186.63,41.71
ORD-10184,2025-01-06,CUST-0284,Customer 0284,Home Office,Electronics,Smartphone,East,Marketplace,5,482.95,0.0,2414.75,1708.74,706.01
ORD-10185,2024-05-11,CUST-0050,Customer 0050,Corporate,Home & Kitchen,Blender,South,Online,7,81.64,0.05,542.91,363.03,179.88
ORD-10186,2025-05-27,CUST-0021,Customer 0021,Corporate,Home & Kitchen,Vacuum Cleaner,West,Online,1,187.13,0.0,187.13,124.73,62.4
ORD-10187,2024-12-01,CUST-0314,Customer 0314,Corporate,Home & Kitchen,Cookware Set,East,Marketplace,6,135.5,0.0,813.0,622.58,190.42
ORD-10188,2025-12-26,CUST-0289,Customer 0289,Home Office,Home & Kitchen,Vacuum Cleaner,North,Retail Store,5,229.89,0.1,1034.5,702.35,332.15
ORD-10189,2025-12-05,CUST-0323,Customer 0323,Home Office,Home & Kitchen,Lamp,South,Marketplace,1,44.66,0.15,37.96,33.73,4.23
ORD-10190,2024-06-23,CUST-0269,Customer 0269,Home Office,Electronics,Smartwatch,North,Online,7,197.37,0.0,1381.59,876.99,504.6
ORD-10191,2024-11-17,CUST-0215,Customer 0215,Home Office,Electronics,Smartwatch,West,Marketplace,3,190.29,0.1,513.78,356.37,157.41
ORD-10192,2025-06-15,CUST-0107,Customer 0107,Consumer,Electronics,Smartphone,West,Marketplace,6,496.76,0.2,2384.45,1625.93,758.52
ORD-10193,2025-11-23,CUST-0349,Customer 0349,Corporate,Office Supplies,Pen Set,East,Online,5,17.91,0.15,76.12,67.37,8.75
ORD-10194,2025-12-22,CUST-0107,Customer 0107,Home Office,Office Supplies,Pen Set,East,Retail Store,8,17.89,0.05,135.96,101.45,34.51
ORD-10195,2025-02-08,CUST-0177,Customer 0177,Consumer,Electronics,Smartwatch,East,Retail Store,3,155.27,0.05,442.52,391.35,51.17
ORD-10196,2024-08-07,CUST-0104,Customer 0104,Home Office,Office Supplies,Paper Pack,South,Online,5,26.47,0.15,112.5,67.28,45.22
ORD-10197,2025-10-15,CUST-0120,Customer 0120,Consumer,Electronics,Smartphone,South,Online,1,487.0,0.0,487.0,390.12,96.88
ORD-10198,2025-02-20,CUST-0335,Customer 0335,Corporate,Home & Kitchen,Cookware Set,East,Retail Store,8,146.32,0.1,1053.5,858.15,195.35
ORD-10199,2025-10-29,CUST-0294,Customer 0294,Consumer,Electronics,Laptop,South,Retail Store,4,803.7,0.15,2732.58,2316.18,416.4
ORD-10200,2025-02-10,CUST-0254,Customer 0254,Consumer,Furniture,Office Chair,North,Retail Store,3,170.8,0.2,409.92,358.32,51.6
ORD-10201,2024-12-09,CUST-0146,Customer 0146,Consumer,Home & Kitchen,Blender,West,Retail Store,8,75.97,0.2,486.21,351.47,134.74
ORD-10202,2024-12-04,CUST-0084,Customer 0084,Home Office,Furniture,Office Chair,East,Retail Store,8,139.08,0.2,890.11,547.57,342.54
ORD-10203,2024-06-28,CUST-0313,Customer 0313,Home Office,Home & Kitchen,Cookware Set,North,Online,7,140.64,0.1,886.03,514.21,371.82
ORD-10204,2024-11-27,CUST-0128,Customer 0128,Corporate,Furniture,Sofa,East,Retail Store,1,627.3,0.05,595.93,420.94,174.99
ORD-10205,2024-09-24,CUST-0335,Customer 0335,Corporate,Home & Kitchen,Blender,East,Online,6,69.07,0.2,331.54,259.84,71.7
ORD-10206,2025-12-07,CUST-0061,Customer 0061,Consumer,Fashion,Jacket,West,Online,5,93.09,0.05,442.18,277.11,165.07
ORD-10207,2025-03-01,CUST-0282,Customer 0282,Consumer,Fashion,Jacket,North,Marketplace,8,98.15,0.15,667.42,559.94,107.48
ORD-10208,2024-03-20,CUST-0289,Customer 0289,Consumer,Fashion,Jacket,South,Online,2,98.88,0.0,197.76,171.26,26.5
ORD-10209,2024-04-29,CUST-0349,Customer 0349,Home Office,Office Supplies,Paper Pack,West,Online,4,25.62,0.2,81.98,47.7,34.28
ORD-10210,2025-06-09,CUST-0213,Customer 0213,Corporate,Fashion,Jeans,North,Retail Store,8,47.7,0.15,324.36,230.89,93.47
ORD-10211,2024-08-11,CUST-0297,Customer 0297,Home Office,Office Supplies,Notebook,North,Online,2,11.73,0.0,23.46,18.65,4.81
ORD-10212,2024-10-20,CUST-0210,Customer 0210,Home Office,Fashion,T-Shirt,West,Retail Store,3,26.99,0.0,80.97,72.26,8.71
ORD-10213,2025-01-21,CUST-0193,Customer 0193,Consumer,Fashion,Sneakers,East,Online,2,125.32,0.2,200.51,171.66,28.85
ORD-10214,2025-06-25,CUST-0066,Customer 0066,Corporate,Furniture,Sofa,West,Marketplace,4,699.95,0.0,2799.8,2498.74,301.06
ORD-10215,2024-09-10,CUST-0236,Customer 0236,Home Office,Fashion,Jeans,North,Online,6,51.3,0.0,307.8,270.28,37.52
ORD-10216,2024-09-03,CUST-0106,Customer 0106,Home Office,Fashion,T-Shirt,North,Online,2,25.7,0.0,51.4,36.3,15.1
ORD-10217,2025-03-25,CUST-0120,Customer 0120,Consumer,Electronics,Smartwatch,East,Marketplace,4,160.57,0.0,642.28,576.59,65.69
ORD-10218,2024-08-30,CUST-0155,Customer 0155,Corporate,Home & Kitchen,Lamp,North,Marketplace,3,45.29,0.2,108.7,75.52,33.18
ORD-10219,2025-10-03,CUST-0348,Customer 0348,Home Office,Home & Kitchen,Cookware Set,West,Marketplace,7,139.82,0.15,831.93,740.67,91.26
ORD-10220,2025-02-22,CUST-0077,Customer 0077,Consumer,Office Supplies,Paper Pack,South,Retail Store,5,22.63,0.1,101.83,75.18,26.65
ORD-10221,2024-02-29,CUST-0288,Customer 0288,Consumer,Furniture,Sofa,East,Online,7,661.17,0.1,4165.37,2486.44,1678.93
ORD-10222,2025-04-05,CUST-0190,Customer 0190,Corporate,Office Supplies,Notebook,West,Marketplace,2,12.81,0.15,21.78,13.43,8.35
ORD-10223,2024-03-15,CUST-0097,Customer 0097,Corporate,Home & Kitchen,Blender,North,Online,4,68.45,0.1,246.42,213.76,32.66
ORD-10224,2025-05-05,CUST-0125,Customer 0125,Corporate,Furniture,Office Chair,West,Retail Store,4,168.68,0.1,607.25,451.33,155.92
ORD-10225,2024-11-11,CUST-0134,Customer 0134,Home Office,Home & Kitchen,Lamp,West,Retail Store,6,50.17,0.15,255.87,182.46,73.41
ORD-10226,2024-11-16,CUST-0212,Customer 0212,Consumer,Furniture,Bookshelf,East,Marketplace,1,133.11,0.15,113.14,91.58,21.56
ORD-10227,2024-10-29,CUST-0079,Customer 0079,Consumer,Home & Kitchen,Vacuum Cleaner,West,Marketplace,4,192.99,0.05,733.36,549.6,183.76
ORD-10228,2025-05-15,CUST-0329,Customer 0329,Consumer,Office Supplies,Pen Set,South,Marketplace,8,16.21,0.1,116.71,96.66,20.05
ORD-10229,2024-07-07,CUST-0278,Customer 0278,Home Office,Home & Kitchen,Vacuum Cleaner,North,Online,1,180.63,0.15,153.54,129.95,23.59
ORD-10230,2025-10-07,CUST-0119,Customer 0119,Corporate,Fashion,Jeans,East,Online,2,49.24,0.2,78.78,49.36,29.42
ORD-10231,2025-11-06,CUST-0250,Customer 0250,Consumer,Home & Kitchen,Vacuum Cleaner,East,Marketplace,1,212.03,0.0,212.03,147.14,64.89
ORD-10232,2025-05-29,CUST-0346,Customer 0346,Consumer,Office Supplies,Notebook,South,Online,7,10.59,0.0,74.13,43.27,30.86
ORD-10233,2024-12-28,CUST-0137,Customer 0137,Home Office,Home & Kitchen,Lamp,South,Marketplace,7,43.29,0.0,303.03,209.73,93.3
ORD-10234,2025-12-01,CUST-0042,Customer 0042,Corporate,Furniture,Bookshelf,North,Marketplace,1,116.59,0.0,116.59,79.52,37.07
ORD-10235,2024-03-25,CUST-0256,Customer 0256,Consumer,Electronics,Smartphone,North,Online,7,542.66,0.2,3038.9,2273.25,765.65
ORD-10236,2024-10-04,CUST-0024,Customer 0024,Home Office,Furniture,Sofa,North,Online,2,732.99,0.2,1172.78,1014.17,158.61
ORD-10237,2024-07-31,CUST-0301,Customer 0301,Corporate,Office Supplies,Notebook,South,Marketplace,3,13.16,0.2,31.58,27.64,3.94
ORD-10238,2025-11-24,CUST-0277,Customer 0277,Home Office,Furniture,Sofa,North,Marketplace,6,699.84,0.1,3779.14,2263.64,1515.5
ORD-10239,2024-04-10,CUST-0224,Customer 0224,Home Office,Office Supplies,Notebook,West,Retail Store,4,11.43,0.0,45.72,37.45,8.27
ORD-10240,2025-04-06,CUST-0252,Customer 0252,Consumer,Electronics,Headphones,West,Online,4,81.27,0.05,308.83,210.44,98.39
ORD-10241,2024-09-09,CUST-0038,Customer 0038,Home Office,Home & Kitchen,Lamp,South,Marketplace,2,40.33,0.05,76.63,61.23,15.4
ORD-10242,2025-01-04,CUST-0055,Customer 0055,Corporate,Fashion,Jacket,North,Online,2,101.96,0.0,203.92,143.9,60.02
ORD-10243,2025-03-17,CUST-0230,Customer 0230,Consumer,Electronics,Smartphone,East,Retail Store,7,428.94,0.0,3002.58,2023.35,979.23
ORD-10244,2025-02-27,CUST-0199,Customer 0199,Consumer,Electronics,Headphones,South,Marketplace,2,89.63,0.2,143.41,124.31,19.1
ORD-10245,2024-05-22,CUST-0138,Customer 0138,Corporate,Fashion,Jeans,East,Retail Store,5,54.89,0.05,260.73,149.17,111.56
ORD-10246,2024-03-19,CUST-0185,Customer 0185,Home Office,Office Supplies,Paper Pack,South,Retail Store,5,26.66,0.0,133.3,96.45,36.85
ORD-10247,2024-11-07,CUST-0004,Customer 0004,Corporate,Electronics,Smartphone,West,Retail Store,7,551.24,0.05,3665.75,2503.57,1162.18
ORD-10248,2024-11-03,CUST-0165,Customer 0165,Corporate,Fashion,Jeans,East,Marketplace,4,51.93,0.1,186.95,165.94,21.01
ORD-10249,2024-11-29,CUST-0193,Customer 0193,Consumer,Fashion,Jeans,South,Marketplace,5,52.77,0.1,237.47,208.08,29.39
ORD-10250,2025-04-17,CUST-0108,Customer 0108,Corporate,Home & Kitchen,Blender,West,Online,8,82.45,0.05,626.62,359.81,266.81
ORD-10251,2024-09-15,CUST-0338,Customer 0338,Corporate,Office Supplies,Printer,West,Marketplace,3,273.54,0.2,656.5,447.7,208.8
ORD-10252,2025-07-10,CUST-0019,Customer 0019,Home Office,Fashion,Sneakers,North,Online,6,123.05,0.2,590.64,435.84,154.8
ORD-10253,2024-06-19,CUST-0332,Customer 0332,Corporate,Furniture,Bookshelf,East,Retail Store,1,137.41,0.15,116.8,91.94,24.86
ORD-10254,2024-04-10,CUST-0133,Customer 0133,Home Office,Electronics,Laptop,South,Retail Store,4,805.54,0.15,2738.84,2041.25,697.59
ORD-10255,2025-04-19,CUST-0348,Customer 0348,Corporate,Office Supplies,Paper Pack,West,Online,3,28.73,0.05,81.88,58.87,23.01
ORD-10256,2024-12-22,CUST-0160,Customer 0160,Corporate,Electronics,Smartphone,West,Online,6,542.64,0.1,2930.26,2146.09,784.17
ORD-10257,2024-11-22,CUST-0035,Customer 0035,Corporate,Fashion,Sneakers,North,Marketplace,5,120.24,0.0,601.2,354.88,246.32
ORD-10258,2025-06-12,CUST-0090,Customer 0090,Consumer,Furniture,Desk,West,Marketplace,3,223.95,0.05,638.26,565.15,73.11
ORD-10259,2025-10-17,CUST-0337,Customer 0337,Consumer,Furniture,Desk,West,Marketplace,7,188.93,0.1,1190.26,910.47,279.79
ORD-10260,2024-01-05,CUST-0110,Customer 0110,Consumer,Fashion,Sneakers,North,Marketplace,4,118.33,0.05,449.65,374.58,75.07
ORD-10261,2024-11-29,CUST-0101,Customer 0101,Home Office,Furniture,Bookshelf,East,Marketplace,8,111.44,0.0,891.52,759.51,132.01
ORD-10262,2025-08-24,CUST-0059,Customer 0059,Home Office,Fashion,Sneakers,East,Marketplace,6,121.4,0.05,691.98,530.11,161.87
ORD-10263,2025-11-19,CUST-0069,Customer 0069,Corporate,Home & Kitchen,Blender,South,Marketplace,6,69.12,0.0,414.72,245.07,169.65
ORD-10264,2025-09-02,CUST-0071,Customer 0071,Home Office,Fashion,Sneakers,South,Marketplace,7,99.63,0.1,627.67,484.83,142.84
ORD-10265,2024-10-22,CUST-0072,Customer 0072,Corporate,Furniture,Sofa,North,Retail Store,3,716.69,0.05,2042.57,1566.23,476.34
ORD-10266,2025-01-28,CUST-0288,Customer 0288,Corporate,Furniture,Desk,West,Online,8,232.19,0.1,1671.77,1162.67,509.1
ORD-10267,2024-08-13,CUST-0150,Customer 0150,Corporate,Electronics,Laptop,West,Marketplace,1,688.09,0.05,653.69,425.57,228.12
ORD-10268,2025-08-09,CUST-0059,Customer 0059,Consumer,Home & Kitchen,Blender,West,Marketplace,5,82.27,0.15,349.65,237.2,112.45
ORD-10269,2024-04-14,CUST-0335,Customer 0335,Corporate,Furniture,Sofa,East,Online,4,723.09,0.05,2747.74,1542.25,1205.49
ORD-10270,2024-08-30,CUST-0108,Customer 0108,Home Office,Fashion,T-Shirt,South,Online,6,25.83,0.2,123.98,86.77,37.21
ORD-10271,2025-08-06,CUST-0180,Customer 0180,Home Office,Furniture,Office Chair,East,Retail Store,5,151.74,0.15,644.89,427.74,217.15
ORD-10272,2025-06-10,CUST-0348,Customer 0348,Consumer,Home & Kitchen,Lamp,East,Marketplace,2,51.25,0.0,102.5,84.56,17.94
ORD-10273,2024-09-12,CUST-0075,Customer 0075,Corporate,Furniture,Desk,South,Marketplace,6,237.26,0.0,1423.56,1119.89,303.67
ORD-10274,2025-01-19,CUST-0232,Customer 0232,Corporate,Office Supplies,Paper Pack,East,Marketplace,2,27.21,0.2,43.54,35.66,7.88
ORD-10275,2025-05-14,CUST-0168,Customer 0168,Home Office,Office Supplies,Paper Pack,East,Online,1,21.95,0.2,17.56,15.63,1.93
ORD-10276,2024-08-11,CUST-0220,Customer 0220,Corporate,Home & Kitchen,Vacuum Cleaner,South,Marketplace,4,195.42,0.1,703.51,590.89,112.62
ORD-10277,2025-11-29,CUST-0025,Customer 0025,Consumer,Fashion,Jacket,North,Online,1,93.41,0.0,93.41,78.73,14.68
ORD-10278,2024-01-01,CUST-0220,Customer 0220,Corporate,Fashion,Sneakers,South,Retail Store,4,123.51,0.2,395.23,339.4,55.83
ORD-10279,2024-09-13,CUST-0043,Customer 0043,Corporate,Electronics,Headphones,East,Marketplace,6,89.69,0.2,430.51,261.72,168.79
ORD-10280,2025-11-02,CUST-0047,Customer 0047,Home Office,Furniture,Sofa,South,Marketplace,2,594.12,0.0,1188.24,685.95,502.29
ORD-10281,2024-01-09,CUST-0176,Customer 0176,Consumer,Fashion,T-Shirt,West,Online,2,26.46,0.1,47.63,34.16,13.47
ORD-10282,2024-11-16,CUST-0189,Customer 0189,Consumer,Electronics,Laptop,South,Online,5,723.61,0.0,3618.05,3019.91,598.14
ORD-10283,2025-09-16,CUST-0333,Customer 0333,Home Office,Home & Kitchen,Blender,South,Retail Store,3,71.65,0.1,193.46,120.83,72.63
ORD-10284,2024-08-10,CUST-0045,Customer 0045,Corporate,Home & Kitchen,Vacuum Cleaner,East,Retail Store,2,225.9,0.0,451.8,341.72,110.08
ORD-10285,2024-09-10,CUST-0142,Customer 0142,Home Office,Office Supplies,Printer,East,Marketplace,2,284.49,0.0,568.98,432.43,136.55
ORD-10286,2024-07-29,CUST-0266,Customer 0266,Consumer,Electronics,Headphones,West,Retail Store,4,77.4,0.2,247.68,192.24,55.44
ORD-10287,2025-05-26,CUST-0327,Customer 0327,Corporate,Electronics,Smartphone,East,Online,2,558.31,0.15,949.13,526.03,423.1
ORD-10288,2025-01-09,CUST-0280,Customer 0280,Consumer,Fashion,Sneakers,North,Online,3,125.0,0.1,337.5,276.62,60.88
ORD-10289,2024-02-10,CUST-0031,Customer 0031,Corporate,Office Supplies,Printer,West,Marketplace,7,262.06,0.15,1559.26,1246.5,312.76
ORD-10290,2025-10-17,CUST-0275,Customer 0275,Consumer,Fashion,T-Shirt,South,Marketplace,3,21.88,0.05,62.36,36.02,26.34
ORD-10291,2025-08-23,CUST-0325,Customer 0325,Consumer,Office Supplies,Paper Pack,North,Online,2,26.49,0.05,50.33,40.54,9.79
ORD-10292,2024-04-28,CUST-0233,Customer 0233,Consumer,Electronics,Smartwatch,North,Online,1,188.97,0.05,179.52,140.08,39.44
ORD-10293,2024-06-16,CUST-0255,Customer 0255,Corporate,Furniture,Office Chair,South,Retail Store,6,150.78,0.15,768.98,644.31,124.67
ORD-10294,2024-04-30,CUST-0016,Customer 0016,Home Office,Furniture,Bookshelf,North,Retail Store,6,111.79,0.1,603.67,345.51,258.16
ORD-10295,2024-02-26,CUST-0256,Customer 0256,Home Office,Fashion,Jacket,North,Online,3,80.75,0.05,230.14,188.87,41.27
ORD-10296,2024-02-15,CUST-0007,Customer 0007,Consumer,Home & Kitchen,Blender,South,Online,4,74.36,0.0,297.44,203.46,93.98
ORD-10297,2024-08-17,CUST-0165,Customer 0165,Consumer,Home & Kitchen,Vacuum Cleaner,East,Online,4,236.2,0.1,850.32,562.89,287.43
ORD-10298,2024-07-02,CUST-0115,Customer 0115,Corporate,Home & Kitchen,Blender,East,Retail Store,1,65.3,0.1,58.77,41.89,16.88
ORD-10299,2024-01-09,CUST-0189,Customer 0189,Home Office,Electronics,Smartwatch,South,Retail Store,4,183.45,0.05,697.11,457.56,239.55
ORD-10300,2024-07-19,CUST-0280,Customer 0280,Consumer,Office Supplies,Paper Pack,East,Marketplace,4,21.3,0.0,85.2,59.09,26.11
ORD-10301,2024-01-02,CUST-0337,Customer 0337,Home Office,Electronics,Headphones,South,Retail Store,7,85.45,0.2,478.52,280.6,197.92
ORD-10302,2024-05-25,CUST-0144,Customer 0144,Home Office,Fashion,T-Shirt,West,Marketplace,2,28.16,0.0,56.32,48.66,7.66
ORD-10303,2024-03-27,CUST-0298,Customer 0298,Consumer,Office Supplies,Paper Pack,North,Retail Store,2,22.25,0.15,37.82,31.65,6.17
ORD-10304,2024-10-25,CUST-0134,Customer 0134,Corporate,Furniture,Desk,West,Retail Store,6,233.25,0.1,1259.55,1016.93,242.62
ORD-10305,2024-07-26,CUST-0070,Customer 0070,Corporate,Furniture,Office Chair,West,Online,2,132.25,0.0,264.5,187.09,77.41
ORD-10306,2024-07-31,CUST-0232,Customer 0232,Consumer,Home & Kitchen,Lamp,East,Marketplace,5,41.83,0.1,188.23,111.43,76.8
ORD-10307,2024-08-08,CUST-0168,Customer 0168,Corporate,Home & Kitchen,Blender,North,Marketplace,3,79.75,0.0,239.25,212.68,26.57
ORD-10308,2024-06-27,CUST-0016,Customer 0016,Consumer,Office Supplies,Pen Set,West,Online,7,18.3,0.1,115.29,85.61,29.68
ORD-10309,2024-01-13,CUST-0032,Customer 0032,Home Office,Furniture,Office Chair,North,Marketplace,4,136.42,0.0,545.68,376.63,169.05
ORD-10310,2024-03-17,CUST-0012,Customer 0012,Consumer,Home & Kitchen,Lamp,North,Retail Store,2,50.43,0.0,100.86,71.13,29.73
ORD-10311,2025-04-17,CUST-0026,Customer 0026,Corporate,Electronics,Laptop,North,Retail Store,3,734.96,0.15,1874.15,1505.97,368.18
ORD-10312,2024-12-28,CUST-0110,Customer 0110,Consumer,Fashion,Jeans,South,Marketplace,3,51.37,0.05,146.4,125.79,20.61
ORD-10313,2025-02-25,CUST-0282,Customer 0282,Corporate,Office Supplies,Paper Pack,South,Marketplace,8,21.91,0.0,175.28,119.9,55.38
ORD-10314,2025-10-07,CUST-0279,Customer 0279,Home Office,Home & Kitchen,Cookware Set,West,Retail Store,1,151.84,0.1,136.66,92.34,44.32
ORD-10315,2025-02-01,CUST-0139,Customer 0139,Corporate,Home & Kitchen,Lamp,North,Retail Store,3,42.55,0.0,127.65,79.99,47.66
ORD-10316,2025-08-21,CUST-0120,Customer 0120,Home Office,Home & Kitchen,Lamp,North,Online,3,41.6,0.0,124.8,79.17,45.63
ORD-10317,2024-12-29,CUST-0089,Customer 0089,Home Office,Home & Kitchen,Vacuum Cleaner,East,Marketplace,3,215.83,0.0,647.49,538.82,108.67
ORD-10318,2025-08-04,CUST-0289,Customer 0289,Corporate,Electronics,Headphones,East,Online,3,90.76,0.15,231.44,195.07,36.37
ORD-10319,2024-04-02,CUST-0029,Customer 0029,Consumer,Fashion,T-Shirt,East,Marketplace,4,22.89,0.15,77.83,57.15,20.68
ORD-10320,2024-12-14,CUST-0091,Customer 0091,Consumer,Furniture,Desk,North,Marketplace,6,188.45,0.0,1130.7,854.03,276.67
ORD-10321,2025-01-17,CUST-0340,Customer 0340,Consumer,Office Supplies,Notebook,South,Marketplace,7,10.56,0.15,62.83,41.19,21.64
ORD-10322,2025-10-26,CUST-0163,Customer 0163,Home Office,Fashion,Sneakers,East,Online,3,125.47,0.2,301.13,238.72,62.41
ORD-10323,2025-01-22,CUST-0158,Customer 0158,Home Office,Home & Kitchen,Cookware Set,West,Marketplace,5,126.46,0.0,632.3,348.16,284.14
ORD-10324,2025-09-08,CUST-0163,Customer 0163,Consumer,Electronics,Smartphone,East,Marketplace,4,509.83,0.2,1631.46,1432.16,199.3
ORD-10325,2024-12-21,CUST-0164,Customer 0164,Home Office,Electronics,Smartphone,East,Retail Store,3,557.8,0.2,1338.72,777.87,560.85
ORD-10326,2024-08-02,CUST-0128,Customer 0128,Consumer,Electronics,Headphones,North,Retail Store,2,74.16,0.05,140.9,82.82,58.08
ORD-10327,2024-06-19,CUST-0212,Customer 0212,Corporate,Fashion,Sneakers,South,Online,8,105.09,0.1,756.65,515.56,241.09
ORD-10328,2024-02-04,CUST-0151,Customer 0151,Corporate,Fashion,T-Shirt,South,Retail Store,1,23.21,0.05,22.05,12.94,9.11
ORD-10329,2025-07-14,CUST-0048,Customer 0048,Home Office,Furniture,Office Chair,North,Retail Store,6,171.84,0.15,876.38,755.99,120.39
ORD-10330,2024-06-09,CUST-0028,Customer 0028,Home Office,Furniture,Sofa,East,Marketplace,2,592.58,0.05,1125.9,694.11,431.79
ORD-10331,2024-08-31,CUST-0050,Customer 0050,Consumer,Office Supplies,Pen Set,North,Retail Store,1,18.39,0.1,16.55,13.97,2.58
ORD-10332,2024-03-30,CUST-0151,Customer 0151,Home Office,Electronics,Smartwatch,East,Online,8,158.24,0.0,1265.92,787.95,477.97
ORD-10333,2024-11-11,CUST-0204,Customer 0204,Home Office,Fashion,T-Shirt,West,Online,8,27.96,0.1,201.31,129.39,71.92
ORD-10334,2025-01-13,CUST-0096,Customer 0096,Consumer,Office Supplies,Paper Pack,East,Marketplace,8,23.22,0.0,185.76,132.4,53.36
ORD-10335,2025-12-14,CUST-0342,Customer 0342,Corporate,Electronics,Smartphone,South,Marketplace,2,525.22,0.0,1050.44,874.87,175.57
ORD-10336,2025-06-19,CUST-0215,Customer 0215,Consumer,Electronics,Smartwatch,West,Marketplace,8,200.61,0.15,1364.15,977.68,386.47
ORD-10337,2024-05-03,CUST-0230,Customer 0230,Consumer,Electronics,Smartphone,North,Retail Store,3,570.82,0.0,1712.46,1426.41,286.05
ORD-10338,2024-07-25,CUST-0322,Customer 0322,Consumer,Electronics,Smartwatch,North,Retail Store,3,166.93,0.15,425.67,369.81,55.86
ORD-10339,2025-07-19,CUST-0167,Customer 0167,Home Office,Home & Kitchen,Vacuum Cleaner,West,Online,5,207.36,0.15,881.28,754.12,127.16
ORD-10340,2024-05-31,CUST-0291,Customer 0291,Corporate,Fashion,Jeans,East,Retail Store,2,56.03,0.0,112.06,65.59,46.47
ORD-10341,2025-11-01,CUST-0249,Customer 0249,Home Office,Office Supplies,Paper Pack,West,Online,8,22.54,0.0,180.32,124.61,55.71
ORD-10342,2025-12-08,CUST-0122,Customer 0122,Corporate,Fashion,Jacket,North,Retail Store,1,89.33,0.2,71.46,46.02,25.44
ORD-10343,2024-10-14,CUST-0252,Customer 0252,Corporate,Office Supplies,Pen Set,East,Retail Store,2,16.03,0.0,32.06,28.56,3.5
ORD-10344,2024-07-11,CUST-0227,Customer 0227,Corporate,Fashion,T-Shirt,North,Marketplace,4,26.81,0.1,96.52,78.74,17.78
ORD-10345,2024-11-14,CUST-0260,Customer 0260,Home Office,Furniture,Office Chair,North,Online,7,162.62,0.0,1138.34,834.97,303.37
ORD-10346,2024-02-29,CUST-0128,Customer 0128,Consumer,Furniture,Desk,East,Retail Store,1,190.34,0.1,171.31,115.83,55.48
ORD-10347,2025-10-12,CUST-0064,Customer 0064,Consumer,Fashion,Sneakers,West,Marketplace,1,105.79,0.0,105.79,80.18,25.61
ORD-10348,2024-12-18,CUST-0084,Customer 0084,Consumer,Home & Kitchen,Lamp,West,Online,5,49.47,0.2,197.88,115.09,82.79
ORD-10349,2024-08-14,CUST-0332,Customer 0332,Home Office,Furniture,Desk,North,Marketplace,4,200.64,0.2,642.05,499.55,142.5
ORD-10350,2024-05-15,CUST-0332,Customer 0332,Home Office,Electronics,Smartwatch,East,Marketplace,3,196.25,0.15,500.44,314.44,186.0
ORD-10351,2025-01-20,CUST-0179,Customer 0179,Home Office,Office Supplies,Paper Pack,West,Marketplace,8,22.89,0.05,173.96,114.07,59.89
ORD-10352,2025-06-07,CUST-0340,Customer 0340,Corporate,Electronics,Laptop,North,Retail Store,6,783.15,0.15,3994.06,3048.14,945.92
ORD-10353,2024-10-10,CUST-0328,Customer 0328,Home Office,Electronics,Headphones,East,Online,6,74.27,0.05,423.34,338.2,85.14
ORD-10354,2024-02-28,CUST-0308,Customer 0308,Consumer,Furniture,Desk,West,Retail Store,7,208.09,0.2,1165.3,697.99,467.31
ORD-10355,2025-02-18,CUST-0199,Customer 0199,Consumer,Office Supplies,Paper Pack,East,Marketplace,1,26.56,0.15,22.58,16.94,5.64
ORD-10356,2025-11-18,CUST-0184,Customer 0184,Consumer,Furniture,Sofa,East,Online,5,716.42,0.0,3582.1,3069.05,513.05
ORD-10357,2024-09-21,CUST-0287,Customer 0287,Consumer,Fashion,Jeans,East,Online,3,61.59,0.2,147.82,115.16,32.66
ORD-10358,2024-12-05,CUST-0191,Customer 0191,Corporate,Office Supplies,Paper Pack,North,Marketplace,5,23.46,0.15,99.71,84.55,15.16
ORD-10359,2025-04-28,CUST-0100,Customer 0100,Consumer,Home & Kitchen,Blender,South,Online,2,72.34,0.2,115.74,75.74,40.0
ORD-10360,2025-02-23,CUST-0292,Customer 0292,Consumer,Furniture,Bookshelf,West,Retail Store,8,113.39,0.0,907.12,726.14,180.98
ORD-10361,2025-10-11,CUST-0030,Customer 0030,Consumer,Furniture,Bookshelf,South,Retail Store,1,111.85,0.1,100.66,82.18,18.48
ORD-10362,2025-09-21,CUST-0223,Customer 0223,Consumer,Electronics,Smartphone,North,Marketplace,7,489.35,0.1,3082.91,2210.72,872.19
ORD-10363,2024-01-15,CUST-0165,Customer 0165,Consumer,Furniture,Bookshelf,South,Marketplace,4,126.36,0.0,505.44,388.86,116.58
ORD-10364,2024-05-12,CUST-0053,Customer 0053,Consumer,Office Supplies,Pen Set,East,Retail Store,7,18.48,0.15,109.96,66.91,43.05
ORD-10365,2025-03-20,CUST-0069,Customer 0069,Corporate,Fashion,Jacket,North,Online,6,86.2,0.1,465.48,286.71,178.77
ORD-10366,2024-08-04,CUST-0012,Customer 0012,Consumer,Furniture,Desk,West,Marketplace,3,211.2,0.0,633.6,492.74,140.86
ORD-10367,2025-08-31,CUST-0025,Customer 0025,Consumer,Office Supplies,Notebook,West,Retail Store,2,13.21,0.2,21.14,11.98,9.16
ORD-10368,2025-07-14,CUST-0130,Customer 0130,Home Office,Fashion,T-Shirt,North,Retail Store,8,22.4,0.2,143.36,113.73,29.63
ORD-10369,2025-11-09,CUST-0267,Customer 0267,Consumer,Fashion,T-Shirt,North,Retail Store,5,25.79,0.15,109.61,65.55,44.06
ORD-10370,2025-05-24,CUST-0102,Customer 0102,Corporate,Electronics,Laptop,West,Retail Store,4,824.59,0.05,3133.44,2790.62,342.82
ORD-10371,2025-07-15,CUST-0255,Customer 0255,Consumer,Furniture,Office Chair,North,Marketplace,4,169.49,0.2,542.37,361.06,181.31
ORD-10372,2025-08-10,CUST-0343,Customer 0343,Consumer,Electronics,Laptop,North,Retail Store,8,851.13,0.0,6809.04,5602.71,1206.33
ORD-10373,2024-10-30,CUST-0136,Customer 0136,Consumer,Furniture,Sofa,East,Retail Store,8,571.96,0.0,4575.68,2796.41,1779.27
ORD-10374,2024-04-28,CUST-0049,Customer 0049,Consumer,Office Supplies,Paper Pack,East,Retail Store,1,27.64,0.0,27.64,21.62,6.02
ORD-10375,2024-04-05,CUST-0191,Customer 0191,Corporate,Fashion,Jacket,East,Retail Store,6,79.57,0.0,477.42,329.46,147.96
ORD-10376,2025-10-26,CUST-0086,Customer 0086,Consumer,Fashion,Sneakers,North,Retail Store,2,116.47,0.0,232.94,132.9,100.04
ORD-10377,2025-08-05,CUST-0348,Customer 0348,Home Office,Home & Kitchen,Vacuum Cleaner,North,Marketplace,8,217.01,0.0,1736.08,1428.29,307.79
ORD-10378,2025-05-14,CUST-0058,Customer 0058,Corporate,Furniture,Sofa,North,Marketplace,7,561.46,0.1,3537.2,2269.34,1267.86
ORD-10379,2025-11-16,CUST-0174,Customer 0174,Corporate,Home & Kitchen,Cookware Set,West,Online,2,146.79,0.1,264.22,168.31,95.91
ORD-10380,2024-01-12,CUST-0330,Customer 0330,Consumer,Home & Kitchen,Blender,North,Retail Store,3,82.85,0.15,211.27,179.19,32.08
ORD-10381,2024-12-04,CUST-0143,Customer 0143,Corporate,Office Supplies,Printer,South,Online,1,256.71,0.15,218.2,169.14,49.06
ORD-10382,2025-08-09,CUST-0230,Customer 0230,Corporate,Fashion,Sneakers,North,Online,2,108.25,0.1,194.85,115.26,79.59
ORD-10383,2024-02-06,CUST-0286,Customer 0286,Home Office,Fashion,Sneakers,East,Marketplace,1,119.63,0.0,119.63,106.12,13.51
ORD-10384,2025-11-01,CUST-0344,Customer 0344,Consumer,Home & Kitchen,Cookware Set,West,Retail Store,8,134.26,0.05,1020.38,580.59,439.79
ORD-10385,2025-11-03,CUST-0187,Customer 0187,Consumer,Home & Kitchen,Vacuum Cleaner,East,Retail Store,8,184.64,0.0,1477.12,1153.07,324.05
ORD-10386,2025-12-19,CUST-0055,Customer 0055,Home Office,Office Supplies,Pen Set,West,Online,1,17.96,0.0,17.96,15.04,2.92
ORD-10387,2024-07-11,CUST-0062,Customer 0062,Home Office,Office Supplies,Printer,East,Online,7,276.39,0.0,1934.73,1593.24,341.49
ORD-10388,2025-10-10,CUST-0345,Customer 0345,Home Office,Fashion,T-Shirt,South,Retail Store,2,24.68,0.1,44.42,33.59,10.83
ORD-10389,2025-07-20,CUST-0222,Customer 0222,Home Office,Electronics,Laptop,South,Marketplace,8,813.24,0.15,5530.03,4803.18,726.85
ORD-10390,2025-01-31,CUST-0337,Customer 0337,Home Office,Furniture,Office Chair,South,Retail Store,6,167.16,0.15,852.52,593.81,258.71
ORD-10391,2024-10-28,CUST-0232,Customer 0232,Home Office,Fashion,Jacket,East,Marketplace,3,87.64,0.0,262.92,209.02,53.9
ORD-10392,2025-12-29,CUST-0284,Customer 0284,Home Office,Home & Kitchen,Lamp,East,Marketplace,4,41.08,0.0,164.32,131.46,32.86
ORD-10393,2025-05-30,CUST-0278,Customer 0278,Corporate,Furniture,Desk,West,Marketplace,6,194.62,0.2,934.18,628.97,305.21
ORD-10394,2025-03-08,CUST-0007,Customer 0007,Consumer,Home & Kitchen,Lamp,South,Retail Store,2,43.39,0.0,86.78,49.34,37.44
ORD-10395,2025-11-30,CUST-0129,Customer 0129,Home Office,Furniture,Bookshelf,North,Retail Store,3,126.86,0.0,380.58,248.63,131.95
ORD-10396,2025-09-22,CUST-0346,Customer 0346,Home Office,Fashion,T-Shirt,East,Marketplace,4,26.1,0.2,83.52,57.3,26.22
ORD-10397,2025-01-31,CUST-0214,Customer 0214,Consumer,Electronics,Smartwatch,West,Online,6,155.91,0.15,795.14,644.29,150.85
ORD-10398,2024-07-17,CUST-0151,Customer 0151,Consumer,Office Supplies,Printer,North,Retail Store,8,320.61,0.0,2564.88,1477.54,1087.34
ORD-10399,2024-10-12,CUST-0285,Customer 0285,Consumer,Electronics,Smartwatch,East,Retail Store,5,161.69,0.0,808.45,684.03,124.42
ORD-10400,2024-06-06,CUST-0166,Customer 0166,Corporate,Furniture,Office Chair,East,Online,1,155.2,0.2,124.16,97.05,27.11
ORD-10401,2024-07-07,CUST-0267,Customer 0267,Corporate,Office Supplies,Printer,North,Retail Store,2,251.39,0.15,427.36,316.28,111.08
ORD-10402,2025-11-10,CUST-0170,Customer 0170,Home Office,Furniture,Desk,West,Marketplace,6,206.38,0.05,1176.37,1038.27,138.1
ORD-10403,2025-11-15,CUST-0178,Customer 0178,Home Office,Electronics,Laptop,South,Online,8,841.01,0.0,6728.08,5145.6,1582.48
ORD-10404,2024-04-26,CUST-0198,Customer 0198,Home Office,Office Supplies,Paper Pack,East,Marketplace,5,26.68,0.15,113.39,63.34,50.05
ORD-10405,2025-05-13,CUST-0023,Customer 0023,Consumer,Home & Kitchen,Vacuum Cleaner,South,Marketplace,5,190.63,0.2,762.52,556.54,205.98
ORD-10406,2025-10-03,CUST-0034,Customer 0034,Home Office,Home & Kitchen,Blender,West,Online,4,77.91,0.2,249.31,155.72,93.59
ORD-10407,2025-10-24,CUST-0037,Customer 0037,Consumer,Furniture,Sofa,North,Online,3,642.05,0.0,1926.15,1283.01,643.14
ORD-10408,2025-07-25,CUST-0037,Customer 0037,Corporate,Furniture,Bookshelf,West,Retail Store,4,116.67,0.05,443.35,313.84,129.51
ORD-10409,2025-11-20,CUST-0061,Customer 0061,Home Office,Electronics,Smartwatch,North,Marketplace,1,191.9,0.2,153.52,87.83,65.69
ORD-10410,2025-05-29,CUST-0055,Customer 0055,Corporate,Electronics,Headphones,West,Retail Store,5,75.23,0.2,300.92,174.62,126.3
ORD-10411,2024-06-09,CUST-0274,Customer 0274,Home Office,Electronics,Smartwatch,East,Marketplace,4,193.32,0.0,773.28,640.95,132.33
ORD-10412,2025-11-24,CUST-0332,Customer 0332,Consumer,Furniture,Bookshelf,North,Online,6,121.93,0.0,731.58,544.5,187.08
ORD-10413,2025-07-04,CUST-0281,Customer 0281,Home Office,Home & Kitchen,Vacuum Cleaner,East,Online,2,191.73,0.05,364.29,294.89,69.4
ORD-10414,2024-06-13,CUST-0095,Customer 0095,Consumer,Fashion,Jeans,North,Marketplace,4,60.52,0.15,205.77,127.17,78.6
ORD-10415,2024-10-24,CUST-0344,Customer 0344,Corporate,Fashion,T-Shirt,East,Retail Store,2,21.99,0.05,41.78,33.59,8.19
ORD-10416,2024-04-12,CUST-0146,Customer 0146,Home Office,Furniture,Desk,East,Marketplace,2,207.97,0.0,415.94,294.37,121.57
ORD-10417,2025-08-02,CUST-0291,Customer 0291,Corporate,Home & Kitchen,Cookware Set,South,Online,6,159.26,0.05,907.78,552.86,354.92
ORD-10418,2025-01-03,CUST-0069,Customer 0069,Corporate,Fashion,Jacket,West,Marketplace,6,89.0,0.1,480.6,324.67,155.93
ORD-10419,2025-10-23,CUST-0311,Customer 0311,Home Office,Electronics,Smartphone,South,Retail Store,2,553.81,0.05,1052.24,630.29,421.95
ORD-10420,2024-01-20,CUST-0260,Customer 0260,Consumer,Electronics,Laptop,North,Marketplace,1,767.75,0.15,652.59,534.61,117.98
ORD-10421,2025-10-31,CUST-0077,Customer 0077,Home Office,Office Supplies,Paper Pack,East,Online,6,22.92,0.1,123.77,101.52,22.25
ORD-10422,2025-02-10,CUST-0187,Customer 0187,Home Office,Fashion,T-Shirt,South,Marketplace,1,23.04,0.2,18.43,16.35,2.08
ORD-10423,2024-06-12,CUST-0092,Customer 0092,Consumer,Furniture,Sofa,South,Retail Store,3,695.24,0.2,1668.58,1466.2,202.38
ORD-10424,2024-09-27,CUST-0190,Customer 0190,Corporate,Furniture,Office Chair,West,Retail Store,4,157.59,0.0,630.36,460.96,169.4
ORD-10425,2024-02-10,CUST-0333,Customer 0333,Corporate,Fashion,T-Shirt,East,Marketplace,6,26.53,0.0,159.18,116.6,42.58
ORD-10426,2025-01-20,CUST-0335,Customer 0335,Consumer,Home & Kitchen,Cookware Set,East,Retail Store,7,143.68,0.05,955.47,825.89,129.58
ORD-10427,2024-12-27,CUST-0177,Customer 0177,Consumer,Furniture,Sofa,West,Online,8,725.5,0.1,5223.6,2885.04,2338.56
ORD-10428,2025-06-10,CUST-0330,Customer 0330,Home Office,Furniture,Office Chair,North,Marketplace,5,134.26,0.0,671.3,406.19,265.11
ORD-10429,2024-12-04,CUST-0059,Customer 0059,Consumer,Furniture,Sofa,West,Online,8,645.87,0.2,4133.57,2578.3,1555.27
ORD-10430,2024-05-10,CUST-0294,Customer 0294,Home Office,Furniture,Office Chair,South,Online,3,155.83,0.0,467.49,263.53,203.96
ORD-10431,2024-07-03,CUST-0265,Customer 0265,Home Office,Furniture,Bookshelf,East,Online,7,136.89,0.15,814.5,629.75,184.75
ORD-10432,2025-09-13,CUST-0242,Customer 0242,Consumer,Furniture,Sofa,South,Marketplace,8,595.28,0.0,4762.24,3303.89,1458.35
ORD-10433,2024-06-20,CUST-0176,Customer 0176,Corporate,Home & Kitchen,Lamp,South,Online,8,46.22,0.15,314.3,198.15,116.15
ORD-10434,2025-06-19,CUST-0259,Customer 0259,Home Office,Electronics,Smartphone,North,Marketplace,7,515.83,0.0,3610.81,2210.17,1400.64
ORD-10435,2024-04-05,CUST-0247,Customer 0247,Home Office,Home & Kitchen,Blender,West,Marketplace,3,75.88,0.15,193.49,106.5,86.99
ORD-10436,2024-02-14,CUST-0272,Customer 0272,Corporate,Fashion,Jacket,East,Marketplace,7,101.84,0.0,712.88,512.38,200.5
ORD-10437,2025-03-11,CUST-0069,Customer 0069,Consumer,Home & Kitchen,Blender,East,Marketplace,5,80.98,0.1,364.41,316.5,47.91
ORD-10438,2024-09-20,CUST-0097,Customer 0097,Home Office,Home & Kitchen,Vacuum Cleaner,North,Marketplace,1,225.35,0.2,180.28,99.6,80.68
ORD-10439,2025-11-01,CUST-0106,Customer 0106,Home Office,Electronics,Smartwatch,East,Retail Store,6,172.56,0.1,931.82,562.98,368.84
ORD-10440,2025-08-01,CUST-0188,Customer 0188,Home Office,Home & Kitchen,Vacuum Cleaner,West,Online,5,203.54,0.2,814.16,505.83,308.33
ORD-10441,2024-09-16,CUST-0158,Customer 0158,Home Office,Office Supplies,Paper Pack,North,Marketplace,6,24.24,0.2,116.35,69.61,46.74
ORD-10442,2025-12-17,CUST-0083,Customer 0083,Home Office,Furniture,Sofa,North,Online,2,651.63,0.0,1303.26,1075.36,227.9
ORD-10443,2024-04-03,CUST-0075,Customer 0075,Consumer,Fashion,T-Shirt,East,Online,8,24.52,0.15,166.74,95.45,71.29
ORD-10444,2025-01-28,CUST-0206,Customer 0206,Consumer,Home & Kitchen,Blender,West,Retail Store,5,85.43,0.2,341.72,194.82,146.9
ORD-10445,2025-11-03,CUST-0266,Customer 0266,Home Office,Electronics,Smartphone,South,Marketplace,5,430.04,0.0,2150.2,1633.79,516.41
ORD-10446,2025-01-03,CUST-0123,Customer 0123,Corporate,Furniture,Office Chair,East,Marketplace,1,131.41,0.0,131.41,84.97,46.44
ORD-10447,2025-08-23,CUST-0103,Customer 0103,Home Office,Fashion,Sneakers,East,Marketplace,1,116.72,0.2,93.38,81.4,11.98
ORD-10448,2024-12-21,CUST-0142,Customer 0142,Corporate,Home & Kitchen,Lamp,North,Retail Store,4,51.25,0.15,174.25,123.57,50.68
ORD-10449,2025-06-02,CUST-0055,Customer 0055,Home Office,Furniture,Sofa,East,Marketplace,2,609.88,0.15,1036.8,913.89,122.91
ORD-10450,2025-12-11,CUST-0227,Customer 0227,Corporate,Home & Kitchen,Lamp,West,Marketplace,7,44.78,0.15,266.44,169.23,97.21
ORD-10451,2025-05-08,CUST-0060,Customer 0060,Consumer,Fashion,T-Shirt,South,Retail Store,5,24.12,0.0,120.6,99.62,20.98
ORD-10452,2025-06-12,CUST-0275,Customer 0275,Consumer,Fashion,Jacket,West,Marketplace,1,98.97,0.2,79.18,50.43,28.75
ORD-10453,2025-07-21,CUST-0092,Customer 0092,Corporate,Office Supplies,Notebook,South,Marketplace,8,11.47,0.05,87.17,75.23,11.94
ORD-10454,2024-07-23,CUST-0121,Customer 0121,Consumer,Furniture,Sofa,East,Online,4,592.82,0.05,2252.72,1398.87,853.85
ORD-10455,2024-03-21,CUST-0347,Customer 0347,Consumer,Electronics,Laptop,West,Retail Store,8,638.99,0.15,4345.13,3693.28,651.85
ORD-10456,2025-05-19,CUST-0295,Customer 0295,Home Office,Home & Kitchen,Lamp,East,Retail Store,5,40.72,0.1,183.24,149.8,33.44
ORD-10457,2024-02-25,CUST-0270,Customer 0270,Corporate,Furniture,Desk,West,Marketplace,7,249.02,0.1,1568.83,880.74,688.09
ORD-10458,2024-05-03,CUST-0266,Customer 0266,Consumer,Furniture,Sofa,West,Marketplace,8,686.9,0.05,5220.44,2892.84,2327.6
ORD-10459,2025-01-05,CUST-0314,Customer 0314,Corporate,Electronics,Headphones,East,Retail Store,5,81.17,0.0,405.85,256.9,148.95
ORD-10460,2025-03-10,CUST-0108,Customer 0108,Corporate,Furniture,Sofa,East,Retail Store,7,699.18,0.2,3915.41,2653.78,1261.63
ORD-10461,2025-08-12,CUST-0118,Customer 0118,Corporate,Furniture,Desk,West,Online,2,204.82,0.2,327.71,207.29,120.42
ORD-10462,2025-04-29,CUST-0005,Customer 0005,Home Office,Furniture,Desk,East,Retail Store,3,219.97,0.1,593.92,533.61,60.31
ORD-10463,2025-07-29,CUST-0291,Customer 0291,Consumer,Office Supplies,Pen Set,East,Retail Store,1,15.83,0.1,14.25,8.65,5.6
ORD-10464,2024-12-08,CUST-0134,Customer 0134,Corporate,Electronics,Smartwatch,East,Online,6,183.26,0.05,1044.58,915.2,129.38
ORD-10465,2024-12-25,CUST-0348,Customer 0348,Consumer,Fashion,T-Shirt,East,Retail Store,4,25.57,0.15,86.94,67.57,19.37
ORD-10466,2025-04-02,CUST-0041,Customer 0041,Consumer,Office Supplies,Paper Pack,South,Marketplace,7,23.4,0.15,139.23,107.36,31.87
ORD-10467,2025-10-08,CUST-0314,Customer 0314,Corporate,Office Supplies,Paper Pack,East,Marketplace,7,21.84,0.0,152.88,102.47,50.41
ORD-10468,2025-09-11,CUST-0331,Customer 0331,Corporate,Office Supplies,Pen Set,West,Retail Store,7,20.09,0.05,133.6,110.0,23.6
ORD-10469,2024-01-24,CUST-0065,Customer 0065,Home Office,Furniture,Desk,North,Online,4,203.61,0.2,651.55,527.99,123.56
ORD-10470,2024-04-15,CUST-0049,Customer 0049,Corporate,Furniture,Sofa,North,Online,2,659.44,0.1,1186.99,663.8,523.19
ORD-10471,2024-03-27,CUST-0336,Customer 0336,Corporate,Office Supplies,Printer,South,Online,7,257.27,0.05,1710.85,1382.64,328.21
ORD-10472,2024-01-30,CUST-0018,Customer 0018,Home Office,Home & Kitchen,Cookware Set,East,Marketplace,6,155.3,0.05,885.21,631.61,253.6
ORD-10473,2025-12-15,CUST-0277,Customer 0277,Home Office,Fashion,Jeans,West,Marketplace,3,56.61,0.15,144.36,111.28,33.08
ORD-10474,2024-12-21,CUST-0247,Customer 0247,Corporate,Home & Kitchen,Lamp,South,Retail Store,4,44.22,0.0,176.88,119.93,56.95
ORD-10475,2025-06-19,CUST-0070,Customer 0070,Corporate,Electronics,Laptop,West,Retail Store,6,743.07,0.05,4235.5,2341.85,1893.65
ORD-10476,2024-10-26,CUST-0306,Customer 0306,Home Office,Electronics,Smartwatch,West,Retail Store,4,182.6,0.0,730.4,449.93,280.47
ORD-10477,2025-10-23,CUST-0200,Customer 0200,Consumer,Furniture,Desk,East,Retail Store,7,204.36,0.0,1430.52,998.19,432.33
ORD-10478,2025-02-26,CUST-0097,Customer 0097,Corporate,Home & Kitchen,Lamp,West,Retail Store,2,40.09,0.0,80.18,47.2,32.98
ORD-10479,2024-07-11,CUST-0165,Customer 0165,Consumer,Home & Kitchen,Vacuum Cleaner,North,Retail Store,1,181.63,0.0,181.63,133.9,47.73
ORD-10480,2025-03-24,CUST-0005,Customer 0005,Corporate,Office Supplies,Printer,West,Retail Store,4,250.66,0.0,1002.64,724.66,277.98
ORD-10481,2025-04-19,CUST-0017,Customer 0017,Consumer,Fashion,Jacket,East,Retail Store,6,99.28,0.0,595.68,526.03,69.65
ORD-10482,2024-07-04,CUST-0099,Customer 0099,Home Office,Electronics,Smartwatch,South,Retail Store,5,197.73,0.1,889.78,527.36,362.42
ORD-10483,2024-02-04,CUST-0102,Customer 0102,Consumer,Fashion,Jeans,West,Retail Store,8,59.47,0.2,380.61,278.76,101.85
ORD-10484,2024-06-11,CUST-0323,Customer 0323,Corporate,Office Supplies,Pen Set,West,Marketplace,1,20.36,0.2,16.29,11.93,4.36
ORD-10485,2025-01-04,CUST-0027,Customer 0027,Consumer,Office Supplies,Printer,South,Retail Store,4,257.82,0.0,1031.28,723.91,307.37
ORD-10486,2025-02-09,CUST-0125,Customer 0125,Home Office,Home & Kitchen,Blender,South,Retail Store,1,76.82,0.0,76.82,60.82,16.0
ORD-10487,2024-06-10,CUST-0256,Customer 0256,Home Office,Electronics,Smartphone,North,Online,2,517.8,0.2,828.48,725.58,102.9
ORD-10488,2025-12-19,CUST-0275,Customer 0275,Home Office,Office Supplies,Printer,East,Retail Store,2,278.98,0.0,557.96,368.73,189.23
ORD-10489,2025-12-06,CUST-0194,Customer 0194,Corporate,Furniture,Office Chair,West,Marketplace,6,133.56,0.2,641.09,554.24,86.85
ORD-10490,2024-07-13,CUST-0291,Customer 0291,Corporate,Office Supplies,Paper Pack,South,Online,3,23.86,0.15,60.84,49.06,11.78
ORD-10491,2025-04-05,CUST-0152,Customer 0152,Home Office,Home & Kitchen,Cookware Set,West,Marketplace,5,134.42,0.15,571.28,314.35,256.93
ORD-10492,2025-09-26,CUST-0187,Customer 0187,Home Office,Furniture,Office Chair,West,Online,4,159.95,0.05,607.81,474.34,133.47
ORD-10493,2025-07-18,CUST-0079,Customer 0079,Consumer,Home & Kitchen,Vacuum Cleaner,North,Online,5,204.32,0.05,970.52,643.17,327.35
ORD-10494,2024-02-02,CUST-0104,Customer 0104,Home Office,Furniture,Desk,West,Marketplace,2,199.65,0.1,359.37,201.66,157.71
ORD-10495,2024-02-20,CUST-0188,Customer 0188,Consumer,Fashion,Jacket,West,Online,4,95.88,0.15,325.99,180.79,145.2
ORD-10496,2025-01-04,CUST-0286,Customer 0286,Home Office,Fashion,T-Shirt,East,Marketplace,7,27.21,0.05,180.95,103.21,77.74
ORD-10497,2024-11-07,CUST-0040,Customer 0040,Home Office,Electronics,Laptop,West,Online,4,659.35,0.15,2241.79,1801.97,439.82
ORD-10498,2025-08-06,CUST-0321,Customer 0321,Consumer,Furniture,Desk,East,Marketplace,3,236.45,0.15,602.95,419.24,183.71
ORD-10499,2024-04-16,CUST-0086,Customer 0086,Consumer,Fashion,Sneakers,West,Retail Store,3,106.75,0.15,272.21,181.87,90.34
ORD-10500,2025-01-15,CUST-0212,Customer 0212,Home Office,Office Supplies,Pen Set,South,Retail Store,7,17.05,0.2,95.48,60.56,34.92
ORD-10501,2025-01-03,CUST-0232,Customer 0232,Corporate,Home & Kitchen,Lamp,North,Marketplace,8,38.25,0.1,275.4,154.81,120.59
ORD-10502,2024-01-07,CUST-0154,Customer 0154,Home Office,Furniture,Bookshelf,East,Marketplace,4,132.81,0.0,531.24,296.22,235.02
ORD-10503,2024-04-06,CUST-0020,Customer 0020,Home Office,Home & Kitchen,Cookware Set,South,Online,8,125.56,0.05,954.26,613.35,340.91
ORD-10504,2024-04-04,CUST-0293,Customer 0293,Home Office,Office Supplies,Pen Set,East,Retail Store,7,20.26,0.15,120.55,97.28,23.27
ORD-10505,2025-12-07,CUST-0296,Customer 0296,Home Office,Furniture,Sofa,West,Online,2,677.74,0.15,1152.16,648.76,503.4
ORD-10506,2024-12-22,CUST-0223,Customer 0223,Home Office,Electronics,Headphones,North,Marketplace,7,88.87,0.0,622.09,391.51,230.58
ORD-10507,2024-11-08,CUST-0269,Customer 0269,Home Office,Fashion,T-Shirt,South,Online,1,25.3,0.05,24.04,14.48,9.56
ORD-10508,2025-04-01,CUST-0305,Customer 0305,Consumer,Electronics,Smartwatch,South,Retail Store,2,176.32,0.0,352.64,291.01,61.63
ORD-10509,2025-08-08,CUST-0026,Customer 0026,Home Office,Electronics,Smartwatch,South,Online,7,157.59,0.05,1047.97,760.45,287.52
ORD-10510,2025-05-14,CUST-0203,Customer 0203,Consumer,Fashion,Jeans,South,Online,4,56.91,0.15,193.49,156.24,37.25
ORD-10511,2024-11-27,CUST-0295,Customer 0295,Corporate,Office Supplies,Paper Pack,South,Retail Store,2,26.29,0.0,52.58,36.71,15.87
ORD-10512,2024-11-08,CUST-0087,Customer 0087,Home Office,Office Supplies,Notebook,South,Retail Store,6,13.16,0.15,67.12,55.78,11.34
ORD-10513,2024-07-23,CUST-0192,Customer 0192,Consumer,Electronics,Smartphone,South,Marketplace,3,552.91,0.2,1326.98,782.03,544.95
ORD-10514,2024-01-15,CUST-0176,Customer 0176,Consumer,Furniture,Bookshelf,South,Online,2,118.2,0.05,224.58,125.31,99.27
ORD-10515,2025-07-15,CUST-0248,Customer 0248,Home Office,Home & Kitchen,Lamp,North,Retail Store,3,47.68,0.2,114.43,63.67,50.76
ORD-10516,2024-10-17,CUST-0103,Customer 0103,Consumer,Furniture,Office Chair,West,Marketplace,5,148.42,0.0,742.1,653.65,88.45
ORD-10517,2024-04-20,CUST-0010,Customer 0010,Home Office,Office Supplies,Pen Set,North,Retail Store,5,17.39,0.2,69.56,62.11,7.45
ORD-10518,2024-07-09,CUST-0102,Customer 0102,Consumer,Fashion,T-Shirt,East,Retail Store,8,28.2,0.15,191.76,106.91,84.85
ORD-10519,2024-06-09,CUST-0010,Customer 0010,Consumer,Fashion,Sneakers,East,Online,6,105.11,0.2,504.53,387.9,116.63
ORD-10520,2024-01-31,CUST-0285,Customer 0285,Home Office,Office Supplies,Paper Pack,South,Online,5,22.39,0.0,111.95,96.73,15.22
ORD-10521,2025-03-03,CUST-0124,Customer 0124,Corporate,Fashion,Jeans,West,Marketplace,3,62.76,0.1,169.45,147.15,22.3
ORD-10522,2025-10-30,CUST-0071,Customer 0071,Home Office,Furniture,Desk,South,Retail Store,4,207.39,0.0,829.56,660.99,168.57
ORD-10523,2024-11-21,CUST-0035,Customer 0035,Home Office,Furniture,Desk,North,Retail Store,2,207.96,0.0,415.92,356.81,59.11
ORD-10524,2024-11-06,CUST-0227,Customer 0227,Consumer,Fashion,Sneakers,North,Marketplace,5,119.21,0.0,596.05,350.1,245.95
ORD-10525,2025-09-12,CUST-0291,Customer 0291,Corporate,Home & Kitchen,Lamp,North,Marketplace,4,41.38,0.15,140.69,111.23,29.46
ORD-10526,2025-05-29,CUST-0310,Customer 0310,Corporate,Fashion,Jeans,West,Retail Store,8,57.47,0.2,367.81,225.98,141.83
ORD-10527,2024-07-16,CUST-0116,Customer 0116,Corporate,Furniture,Desk,West,Online,1,237.46,0.1,213.71,118.66,95.05
ORD-10528,2024-03-08,CUST-0091,Customer 0091,Corporate,Furniture,Desk,South,Retail Store,8,219.34,0.15,1491.51,989.94,501.57
ORD-10529,2025-09-14,CUST-0195,Customer 0195,Home Office,Fashion,T-Shirt,North,Marketplace,6,25.84,0.1,139.54,113.01,26.53
ORD-10530,2025-04-12,CUST-0022,Customer 0022,Consumer,Electronics,Smartwatch,West,Marketplace,4,182.04,0.15,618.94,553.54,65.4
ORD-10531,2024-10-25,CUST-0226,Customer 0226,Consumer,Electronics,Smartphone,West,Retail Store,7,541.05,0.05,3597.98,2338.94,1259.04
ORD-10532,2025-12-07,CUST-0265,Customer 0265,Home Office,Home & Kitchen,Blender,North,Online,3,82.42,0.1,222.53,157.57,64.96
ORD-10533,2025-02-06,CUST-0212,Customer 0212,Home Office,Home & Kitchen,Cookware Set,South,Retail Store,6,120.05,0.1,648.27,459.49,188.78
ORD-10534,2024-11-27,CUST-0333,Customer 0333,Home Office,Electronics,Headphones,West,Marketplace,3,85.6,0.2,205.44,119.55,85.89
ORD-10535,2025-06-20,CUST-0197,Customer 0197,Consumer,Office Supplies,Notebook,East,Marketplace,3,12.18,0.1,32.89,18.59,14.3
ORD-10536,2024-05-28,CUST-0092,Customer 0092,Corporate,Furniture,Desk,East,Marketplace,1,207.33,0.1,186.6,150.32,36.28
ORD-10537,2024-05-14,CUST-0104,Customer 0104,Corporate,Furniture,Office Chair,West,Marketplace,1,161.94,0.15,137.65,76.3,61.35
ORD-10538,2024-08-31,CUST-0112,Customer 0112,Home Office,Electronics,Smartwatch,North,Online,8,175.15,0.1,1261.08,728.64,532.44
ORD-10539,2025-09-26,CUST-0322,Customer 0322,Corporate,Home & Kitchen,Lamp,North,Online,4,40.75,0.0,163.0,92.79,70.21
ORD-10540,2024-12-05,CUST-0045,Customer 0045,Home Office,Electronics,Headphones,East,Marketplace,1,78.01,0.0,78.01,47.77,30.24
ORD-10541,2025-04-11,CUST-0297,Customer 0297,Corporate,Home & Kitchen,Cookware Set,West,Online,6,122.91,0.0,737.46,482.85,254.61
ORD-10542,2024-10-26,CUST-0242,Customer 0242,Home Office,Fashion,T-Shirt,West,Marketplace,3,26.46,0.0,79.38,51.28,28.1
ORD-10543,2025-09-18,CUST-0030,Customer 0030,Consumer,Furniture,Desk,West,Marketplace,2,235.16,0.15,399.77,307.88,91.89
ORD-10544,2025-03-13,CUST-0312,Customer 0312,Corporate,Home & Kitchen,Lamp,South,Marketplace,6,45.34,0.05,258.44,232.15,26.29
ORD-10545,2025-06-16,CUST-0324,Customer 0324,Consumer,Home & Kitchen,Vacuum Cleaner,East,Online,8,229.4,0.1,1651.68,1419.26,232.42
ORD-10546,2024-01-25,CUST-0239,Customer 0239,Corporate,Electronics,Laptop,West,Online,2,828.32,0.2,1325.31,1099.81,225.5
ORD-10547,2025-07-27,CUST-0327,Customer 0327,Corporate,Office Supplies,Pen Set,North,Retail Store,4,18.76,0.0,75.04,59.39,15.65
ORD-10548,2024-01-07,CUST-0059,Customer 0059,Consumer,Office Supplies,Pen Set,South,Online,6,17.44,0.05,99.41,74.47,24.94
ORD-10549,2025-11-19,CUST-0246,Customer 0246,Home Office,Office Supplies,Pen Set,West,Marketplace,8,18.79,0.0,150.32,108.01,42.31
ORD-10550,2025-02-27,CUST-0029,Customer 0029,Home Office,Office Supplies,Paper Pack,North,Online,5,26.69,0.15,113.43,74.91,38.52
ORD-10551,2024-12-28,CUST-0034,Customer 0034,Corporate,Home & Kitchen,Lamp,South,Marketplace,3,49.6,0.05,141.36,94.53,46.83
ORD-10552,2024-07-10,CUST-0305,Customer 0305,Consumer,Home & Kitchen,Vacuum Cleaner,East,Retail Store,2,222.93,0.05,423.57,279.59,143.98
ORD-10553,2024-08-31,CUST-0191,Customer 0191,Consumer,Electronics,Smartwatch,East,Online,8,164.67,0.05,1251.49,820.74,430.75
ORD-10554,2025-03-30,CUST-0260,Customer 0260,Corporate,Furniture,Office Chair,West,Marketplace,1,168.22,0.1,151.4,91.43,59.97
ORD-10555,2024-12-01,CUST-0074,Customer 0074,Home Office,Home & Kitchen,Lamp,North,Retail Store,2,47.39,0.15,80.56,48.05,32.51
ORD-10556,2024-01-05,CUST-0160,Customer 0160,Corporate,Fashion,T-Shirt,West,Online,1,27.61,0.2,22.09,18.89,3.2
ORD-10557,2024-01-24,CUST-0296,Customer 0296,Consumer,Electronics,Headphones,East,Retail Store,5,89.41,0.2,357.64,236.87,120.77
ORD-10558,2025-03-27,CUST-0344,Customer 0344,Consumer,Home & Kitchen,Lamp,North,Online,2,40.27,0.05,76.51,49.41,27.1
ORD-10559,2025-07-16,CUST-0164,Customer 0164,Home Office,Home & Kitchen,Lamp,South,Online,5,50.98,0.0,254.9,211.92,42.98
ORD-10560,2025-09-19,CUST-0174,Customer 0174,Home Office,Electronics,Headphones,North,Online,8,71.12,0.0,568.96,406.67,162.29
ORD-10561,2024-03-29,CUST-0219,Customer 0219,Home Office,Fashion,T-Shirt,West,Marketplace,7,26.54,0.0,185.78,160.13,25.65
ORD-10562,2024-12-06,CUST-0102,Customer 0102,Home Office,Office Supplies,Pen Set,West,Online,2,18.37,0.1,33.07,19.26,13.81
ORD-10563,2025-12-01,CUST-0330,Customer 0330,Home Office,Fashion,Jacket,East,Retail Store,8,82.76,0.1,595.87,374.4,221.47
ORD-10564,2025-12-17,CUST-0341,Customer 0341,Corporate,Fashion,Jeans,North,Retail Store,6,54.23,0.05,309.11,173.28,135.83
ORD-10565,2024-06-23,CUST-0145,Customer 0145,Corporate,Fashion,Sneakers,North,Retail Store,6,112.46,0.15,573.55,417.42,156.13
ORD-10566,2024-11-05,CUST-0273,Customer 0273,Consumer,Home & Kitchen,Blender,South,Retail Store,8,77.04,0.1,554.69,351.4,203.29
ORD-10567,2024-12-14,CUST-0107,Customer 0107,Home Office,Fashion,T-Shirt,South,Online,7,25.5,0.1,160.65,107.6,53.05
ORD-10568,2024-04-27,CUST-0304,Customer 0304,Consumer,Electronics,Smartwatch,East,Retail Store,8,182.97,0.05,1390.57,1164.89,225.68
ORD-10569,2025-12-02,CUST-0306,Customer 0306,Consumer,Electronics,Laptop,South,Online,7,748.72,0.05,4978.99,3888.88,1090.11
ORD-10570,2024-05-30,CUST-0339,Customer 0339,Home Office,Home & Kitchen,Blender,West,Online,3,75.7,0.1,204.39,140.31,64.08
ORD-10571,2024-11-02,CUST-0292,Customer 0292,Consumer,Furniture,Bookshelf,North,Marketplace,5,127.84,0.1,575.28,500.66,74.62
ORD-10572,2024-05-10,CUST-0151,Customer 0151,Consumer,Home & Kitchen,Vacuum Cleaner,East,Online,1,235.27,0.05,223.51,198.65,24.86
ORD-10573,2024-08-28,CUST-0222,Customer 0222,Corporate,Office Supplies,Notebook,West,Marketplace,7,11.35,0.2,63.56,43.47,20.09
ORD-10574,2025-05-01,CUST-0072,Customer 0072,Corporate,Furniture,Desk,South,Retail Store,4,212.38,0.15,722.09,630.8,91.29
ORD-10575,2024-01-12,CUST-0037,Customer 0037,Corporate,Furniture,Desk,South,Online,1,234.61,0.0,234.61,169.0,65.61
ORD-10576,2025-04-11,CUST-0310,Customer 0310,Home Office,Furniture,Sofa,West,Retail Store,7,587.56,0.15,3495.98,2546.11,949.87
ORD-10577,2024-07-09,CUST-0218,Customer 0218,Home Office,Office Supplies,Printer,East,Retail Store,1,279.85,0.15,237.87,191.68,46.19
ORD-10578,2024-02-04,CUST-0020,Customer 0020,Home Office,Home & Kitchen,Lamp,North,Online,8,43.23,0.2,276.67,208.36,68.31
ORD-10579,2025-04-21,CUST-0265,Customer 0265,Corporate,Home & Kitchen,Lamp,North,Marketplace,2,50.26,0.15,85.44,49.64,35.8
ORD-10580,2025-09-19,CUST-0028,Customer 0028,Home Office,Home & Kitchen,Lamp,West,Marketplace,6,48.76,0.15,248.68,177.58,71.1
ORD-10581,2024-12-27,CUST-0151,Customer 0151,Home Office,Office Supplies,Paper Pack,East,Marketplace,5,21.51,0.0,107.55,93.89,13.66
ORD-10582,2024-03-03,CUST-0323,Customer 0323,Corporate,Home & Kitchen,Lamp,North,Retail Store,8,40.53,0.15,275.6,156.56,119.04
ORD-10583,2024-05-09,CUST-0259,Customer 0259,Corporate,Fashion,T-Shirt,East,Online,2,23.14,0.05,43.97,33.66,10.31
ORD-10584,2025-08-28,CUST-0078,Customer 0078,Home Office,Electronics,Smartphone,South,Retail Store,8,546.18,0.05,4150.97,2662.59,1488.38
ORD-10585,2024-12-17,CUST-0044,Customer 0044,Corporate,Furniture,Office Chair,West,Retail Store,3,169.53,0.15,432.3,261.09,171.21
ORD-10586,2025-10-14,CUST-0086,Customer 0086,Home Office,Furniture,Sofa,East,Online,4,695.7,0.15,2365.38,1586.64,778.74
ORD-10587,2025-04-20,CUST-0205,Customer 0205,Home Office,Electronics,Smartphone,South,Retail Store,8,496.44,0.05,3772.94,3327.31,445.63
ORD-10588,2024-09-25,CUST-0075,Customer 0075,Corporate,Fashion,Sneakers,East,Marketplace,7,103.03,0.0,721.21,597.93,123.28
ORD-10589,2025-06-28,CUST-0327,Customer 0327,Corporate,Electronics,Laptop,East,Retail Store,6,774.86,0.1,4184.24,3256.27,927.97
ORD-10590,2024-09-18,CUST-0336,Customer 0336,Home Office,Office Supplies,Notebook,South,Marketplace,7,12.98,0.1,81.77,66.41,15.36
ORD-10591,2024-11-16,CUST-0281,Customer 0281,Corporate,Office Supplies,Printer,North,Marketplace,1,238.71,0.2,190.97,109.58,81.39
ORD-10592,2024-12-25,CUST-0113,Customer 0113,Consumer,Electronics,Smartwatch,North,Marketplace,5,163.43,0.05,776.29,433.4,342.89
ORD-10593,2025-12-26,CUST-0062,Customer 0062,Home Office,Furniture,Office Chair,South,Online,2,133.35,0.15,226.69,176.76,49.93
ORD-10594,2024-10-28,CUST-0240,Customer 0240,Corporate,Furniture,Bookshelf,East,Retail Store,2,118.32,0.2,189.31,170.06,19.25
ORD-10595,2024-10-10,CUST-0032,Customer 0032,Corporate,Furniture,Office Chair,South,Retail Store,7,142.47,0.1,897.56,512.53,385.03
ORD-10596,2024-07-24,CUST-0313,Customer 0313,Home Office,Electronics,Smartwatch,West,Online,7,187.86,0.0,1315.02,773.17,541.85
ORD-10597,2025-03-28,CUST-0133,Customer 0133,Corporate,Home & Kitchen,Blender,West,Online,2,65.39,0.0,130.78,98.08,32.7
ORD-10598,2025-10-30,CUST-0328,Customer 0328,Home Office,Fashion,Jeans,East,Retail Store,1,57.72,0.0,57.72,37.13,20.59
ORD-10599,2025-06-11,CUST-0252,Customer 0252,Consumer,Home & Kitchen,Blender,South,Online,8,72.84,0.1,524.45,422.03,102.42
ORD-10600,2024-05-04,CUST-0291,Customer 0291,Home Office,Fashion,Sneakers,North,Retail Store,6,116.0,0.05,661.2,456.37,204.83
ORD-10601,2024-03-23,CUST-0236,Customer 0236,Corporate,Home & Kitchen,Lamp,South,Retail Store,5,40.99,0.2,163.96,122.0,41.96
ORD-10602,2025-10-07,CUST-0184,Customer 0184,Consumer,Fashion,T-Shirt,South,Online,8,27.89,0.0,223.12,156.92,66.2
ORD-10603,2025-08-30,CUST-0123,Customer 0123,Corporate,Furniture,Office Chair,West,Marketplace,8,130.33,0.1,938.38,693.64,244.74
ORD-10604,2024-02-07,CUST-0174,Customer 0174,Consumer,Fashion,T-Shirt,South,Marketplace,1,27.16,0.05,25.8,14.58,11.22
ORD-10605,2025-11-25,CUST-0275,Customer 0275,Consumer,Home & Kitchen,Vacuum Cleaner,South,Retail Store,3,215.0,0.2,516.0,450.82,65.18
ORD-10606,2025-09-25,CUST-0024,Customer 0024,Home Office,Electronics,Smartwatch,North,Retail Store,4,188.03,0.2,601.7,333.96,267.74
ORD-10607,2025-09-17,CUST-0088,Customer 0088,Home Office,Electronics,Smartwatch,South,Online,2,159.17,0.0,318.34,241.38,76.96
ORD-10608,2024-12-11,CUST-0348,Customer 0348,Home Office,Furniture,Sofa,South,Retail Store,7,576.06,0.05,3830.8,3024.15,806.65
ORD-10609,2025-08-30,CUST-0089,Customer 0089,Corporate,Furniture,Office Chair,South,Marketplace,6,132.93,0.0,797.58,478.1,319.48
ORD-10610,2025-03-25,CUST-0125,Customer 0125,Home Office,Office Supplies,Printer,West,Online,1,246.4,0.0,246.4,208.6,37.8
ORD-10611,2024-03-23,CUST-0004,Customer 0004,Home Office,Electronics,Smartwatch,East,Retail Store,1,203.01,0.0,203.01,161.87,41.14
ORD-10612,2024-07-30,CUST-0074,Customer 0074,Consumer,Fashion,Jeans,North,Marketplace,5,54.18,0.15,230.26,145.92,84.34
ORD-10613,2025-09-18,CUST-0046,Customer 0046,Consumer,Furniture,Sofa,North,Marketplace,5,634.16,0.05,3012.26,2244.73,767.53
ORD-10614,2025-07-06,CUST-0260,Customer 0260,Corporate,Electronics,Headphones,North,Online,4,86.49,0.1,311.36,243.1,68.26
ORD-10615,2025-12-02,CUST-0243,Customer 0243,Consumer,Electronics,Smartphone,East,Retail Store,8,448.96,0.0,3591.68,3135.31,456.37
ORD-10616,2024-09-14,CUST-0172,Customer 0172,Home Office,Furniture,Sofa,South,Online,8,572.86,0.0,4582.88,2604.72,1978.16
ORD-10617,2025-06-11,CUST-0060,Customer 0060,Corporate,Electronics,Smartwatch,West,Online,2,191.96,0.0,383.92,290.8,93.12
ORD-10618,2024-04-22,CUST-0167,Customer 0167,Consumer,Office Supplies,Printer,West,Online,4,257.92,0.0,1031.68,716.41,315.27
ORD-10619,2025-08-22,CUST-0249,Customer 0249,Corporate,Electronics,Smartwatch,South,Retail Store,1,160.83,0.1,144.75,126.62,18.13
ORD-10620,2025-04-13,CUST-0100,Customer 0100,Home Office,Office Supplies,Printer,North,Retail Store,6,254.99,0.05,1453.44,864.11,589.33
ORD-10621,2025-04-21,CUST-0235,Customer 0235,Corporate,Furniture,Office Chair,South,Marketplace,7,161.72,0.0,1132.04,709.73,422.31
ORD-10622,2025-08-14,CUST-0284,Customer 0284,Consumer,Home & Kitchen,Cookware Set,West,Retail Store,4,136.29,0.0,545.16,399.39,145.77
ORD-10623,2025-03-14,CUST-0127,Customer 0127,Home Office,Office Supplies,Notebook,South,Marketplace,4,11.76,0.05,44.69,28.06,16.63
ORD-10624,2024-02-15,CUST-0021,Customer 0021,Home Office,Electronics,Smartwatch,West,Retail Store,8,194.5,0.2,1244.8,699.29,545.51
ORD-10625,2025-05-22,CUST-0124,Customer 0124,Corporate,Electronics,Smartwatch,South,Online,2,193.67,0.15,329.24,260.96,68.28
ORD-10626,2024-09-01,CUST-0332,Customer 0332,Home Office,Office Supplies,Pen Set,West,Marketplace,2,17.89,0.0,35.78,23.5,12.28
ORD-10627,2025-04-10,CUST-0238,Customer 0238,Corporate,Home & Kitchen,Blender,West,Marketplace,3,72.87,0.2,174.89,144.54,30.35
ORD-10628,2025-01-29,CUST-0171,Customer 0171,Home Office,Electronics,Laptop,South,Marketplace,1,733.33,0.05,696.66,448.95,247.71
ORD-10629,2024-02-26,CUST-0264,Customer 0264,Home Office,Electronics,Headphones,North,Retail Store,6,70.66,0.0,423.96,287.43,136.53
ORD-10630,2025-10-25,CUST-0287,Customer 0287,Corporate,Office Supplies,Printer,South,Marketplace,2,297.58,0.15,505.89,314.49,191.4
ORD-10631,2025-08-17,CUST-0108,Customer 0108,Home Office,Electronics,Smartwatch,West,Retail Store,4,172.05,0.05,653.79,420.76,233.03
ORD-10632,2025-01-16,CUST-0177,Customer 0177,Corporate,Electronics,Laptop,East,Retail Store,8,750.33,0.1,5402.38,4539.87,862.51
ORD-10633,2025-11-20,CUST-0034,Customer 0034,Consumer,Home & Kitchen,Lamp,East,Online,4,39.43,0.1,141.95,97.48,44.47
ORD-10634,2024-10-09,CUST-0058,Customer 0058,Home Office,Electronics,Smartphone,North,Retail Store,3,447.57,0.1,1208.44,751.03,457.41
ORD-10635,2025-04-30,CUST-0178,Customer 0178,Consumer,Fashion,Jeans,North,Online,7,58.92,0.1,371.2,206.95,164.25
ORD-10636,2025-02-25,CUST-0297,Customer 0297,Home Office,Furniture,Bookshelf,West,Retail Store,6,125.26,0.2,601.25,399.35,201.9
ORD-10637,2024-11-09,CUST-0088,Customer 0088,Consumer,Office Supplies,Printer,South,Retail Store,5,278.68,0.0,1393.4,1239.78,153.62
ORD-10638,2024-06-19,CUST-0317,Customer 0317,Consumer,Office Supplies,Paper Pack,South,Online,3,25.26,0.2,60.62,37.21,23.41
ORD-10639,2024-02-12,CUST-0163,Customer 0163,Home Office,Furniture,Office Chair,North,Marketplace,3,139.22,0.1,375.89,231.01,144.88
ORD-10640,2024-05-31,CUST-0191,Customer 0191,Consumer,Office Supplies,Pen Set,North,Retail Store,8,20.57,0.15,139.88,103.06,36.82
ORD-10641,2025-04-14,CUST-0164,Customer 0164,Home Office,Fashion,Jeans,East,Marketplace,3,62.76,0.0,188.28,139.54,48.74
ORD-10642,2024-10-23,CUST-0294,Customer 0294,Corporate,Office Supplies,Paper Pack,North,Marketplace,3,26.71,0.15,68.11,59.45,8.66
ORD-10643,2024-05-22,CUST-0348,Customer 0348,Consumer,Fashion,T-Shirt,West,Retail Store,2,21.44,0.05,40.74,31.21,9.53
ORD-10644,2024-02-26,CUST-0312,Customer 0312,Corporate,Electronics,Headphones,South,Online,4,80.63,0.15,274.14,225.74,48.4
ORD-10645,2025-11-24,CUST-0344,Customer 0344,Home Office,Electronics,Smartwatch,North,Marketplace,2,174.3,0.15,296.31,213.84,82.47
ORD-10646,2024-05-31,CUST-0219,Customer 0219,Corporate,Office Supplies,Paper Pack,East,Retail Store,6,24.05,0.1,129.87,84.37,45.5
ORD-10647,2024-08-08,CUST-0228,Customer 0228,Corporate,Home & Kitchen,Blender,West,Online,7,70.24,0.1,442.51,368.16,74.35
ORD-10648,2024-05-27,CUST-0107,Customer 0107,Corporate,Home & Kitchen,Blender,North,Marketplace,5,85.99,0.1,386.95,283.97,102.98
ORD-10649,2024-01-07,CUST-0210,Customer 0210,Home Office,Fashion,T-Shirt,South,Online,5,22.56,0.1,101.52,72.26,29.26
ORD-10650,2024-10-23,CUST-0284,Customer 0284,Home Office,Furniture,Sofa,East,Retail Store,8,712.95,0.0,5703.6,3739.84,1963.76
ORD-10651,2024-08-17,CUST-0014,Customer 0014,Home Office,Home & Kitchen,Vacuum Cleaner,West,Online,1,195.05,0.0,195.05,172.54,22.51
ORD-10652,2024-07-02,CUST-0252,Customer 0252,Consumer,Office Supplies,Paper Pack,East,Marketplace,4,22.15,0.0,88.6,57.33,31.27
ORD-10653,2024-09-21,CUST-0322,Customer 0322,Home Office,Fashion,Sneakers,North,Retail Store,8,120.5,0.2,771.2,524.89,246.31
ORD-10654,2024-05-29,CUST-0164,Customer 0164,Corporate,Furniture,Office Chair,East,Retail Store,8,133.6,0.2,855.04,519.14,335.9
ORD-10655,2024-10-23,CUST-0150,Customer 0150,Consumer,Office Supplies,Notebook,South,Marketplace,2,10.9,0.15,18.53,14.26,4.27
ORD-10656,2025-12-02,CUST-0155,Customer 0155,Home Office,Office Supplies,Pen Set,East,Online,5,19.07,0.2,76.28,51.63,24.65
ORD-10657,2025-06-14,CUST-0145,Customer 0145,Consumer,Electronics,Smartphone,North,Online,6,486.8,0.1,2628.72,2293.08,335.64
ORD-10658,2024-07-11,CUST-0287,Customer 0287,Consumer,Furniture,Desk,North,Retail Store,2,217.39,0.1,391.3,225.68,165.62
ORD-10659,2025-12-08,CUST-0186,Customer 0186,Corporate,Office Supplies,Pen Set,South,Marketplace,3,20.1,0.1,54.27,41.2,13.07
ORD-10660,2024-05-01,CUST-0114,Customer 0114,Consumer,Office Supplies,Notebook,South,Online,3,10.71,0.2,25.7,16.17,9.53
ORD-10661,2025-12-08,CUST-0058,Customer 0058,Consumer,Electronics,Smartwatch,South,Online,2,194.83,0.0,389.66,317.6,72.06
ORD-10662,2025-04-25,CUST-0061,Customer 0061,Consumer,Electronics,Laptop,North,Marketplace,5,652.41,0.0,3262.05,2556.32,705.73
ORD-10663,2024-07-08,CUST-0344,Customer 0344,Corporate,Furniture,Desk,East,Retail Store,6,192.99,0.0,1157.94,979.68,178.26
ORD-10664,2025-06-01,CUST-0292,Customer 0292,Home Office,Furniture,Desk,South,Marketplace,2,241.09,0.0,482.18,394.01,88.17
ORD-10665,2024-06-24,CUST-0276,Customer 0276,Home Office,Furniture,Bookshelf,West,Retail Store,1,105.55,0.2,84.44,52.77,31.67
ORD-10666,2025-03-26,CUST-0345,Customer 0345,Corporate,Home & Kitchen,Cookware Set,South,Marketplace,2,154.06,0.0,308.12,275.29,32.83
ORD-10667,2024-04-25,CUST-0161,Customer 0161,Corporate,Furniture,Sofa,East,Marketplace,2,574.01,0.1,1033.22,617.42,415.8
ORD-10668,2024-12-01,CUST-0253,Customer 0253,Corporate,Electronics,Laptop,West,Online,2,701.31,0.1,1262.36,959.57,302.79
ORD-10669,2024-10-24,CUST-0220,Customer 0220,Home Office,Home & Kitchen,Vacuum Cleaner,East,Online,4,234.87,0.0,939.48,780.57,158.91
ORD-10670,2025-11-19,CUST-0054,Customer 0054,Consumer,Electronics,Smartwatch,South,Retail Store,7,181.22,0.1,1141.69,898.26,243.43
ORD-10671,2024-06-21,CUST-0034,Customer 0034,Corporate,Fashion,T-Shirt,North,Online,6,23.79,0.0,142.74,108.23,34.51
ORD-10672,2024-10-12,CUST-0298,Customer 0298,Home Office,Fashion,Sneakers,West,Retail Store,5,124.63,0.2,498.52,336.32,162.2
ORD-10673,2024-05-30,CUST-0233,Customer 0233,Home Office,Home & Kitchen,Lamp,South,Online,2,41.63,0.0,83.26,60.28,22.98
ORD-10674,2024-03-10,CUST-0256,Customer 0256,Consumer,Electronics,Laptop,East,Marketplace,1,723.59,0.0,723.59,569.99,153.6
ORD-10675,2024-03-19,CUST-0339,Customer 0339,Corporate,Home & Kitchen,Blender,East,Marketplace,8,68.29,0.1,491.69,384.37,107.32
ORD-10676,2024-02-02,CUST-0221,Customer 0221,Corporate,Office Supplies,Notebook,West,Online,2,11.82,0.1,21.28,18.06,3.22
ORD-10677,2025-07-24,CUST-0338,Customer 0338,Corporate,Electronics,Smartphone,West,Retail Store,5,449.62,0.2,1798.48,1260.26,538.22
ORD-10678,2025-11-06,CUST-0284,Customer 0284,Consumer,Electronics,Smartwatch,West,Retail Store,8,183.36,0.1,1320.19,798.33,521.86
ORD-10679,2025-09-23,CUST-0347,Customer 0347,Consumer,Fashion,Sneakers,South,Retail Store,6,104.08,0.05,593.26,332.14,261.12
ORD-10680,2025-10-02,CUST-0175,Customer 0175,Corporate,Office Supplies,Notebook,East,Online,7,11.74,0.0,82.18,73.73,8.45
ORD-10681,2024-08-28,CUST-0332,Customer 0332,Corporate,Furniture,Desk,North,Retail Store,5,192.61,0.15,818.59,647.34,171.25
ORD-10682,2025-07-05,CUST-0167,Customer 0167,Home Office,Furniture,Office Chair,West,Retail Store,1,157.1,0.1,141.39,98.67,42.72
ORD-10683,2025-08-25,CUST-0012,Customer 0012,Consumer,Electronics,Smartwatch,West,Online,6,183.8,0.1,992.52,657.89,334.63
ORD-10684,2025-05-23,CUST-0258,Customer 0258,Corporate,Furniture,Bookshelf,South,Retail Store,6,124.13,0.0,744.78,504.34,240.44
ORD-10685,2024-10-21,CUST-0136,Customer 0136,Consumer,Electronics,Smartphone,North,Marketplace,1,574.43,0.05,545.71,376.93,168.78
ORD-10686,2025-08-29,CUST-0173,Customer 0173,Corporate,Home & Kitchen,Blender,South,Retail Store,5,76.49,0.0,382.45,281.43,101.02
ORD-10687,2025-05-31,CUST-0154,Customer 0154,Corporate,Electronics,Headphones,East,Marketplace,7,80.96,0.2,453.38,281.11,172.27
ORD-10688,2025-11-18,CUST-0281,Customer 0281,Consumer,Home & Kitchen,Vacuum Cleaner,West,Online,3,218.05,0.0,654.15,477.97,176.18
ORD-10689,2025-10-15,CUST-0273,Customer 0273,Consumer,Fashion,Jacket,East,Retail Store,7,96.12,0.15,571.91,326.54,245.37
ORD-10690,2024-06-03,CUST-0154,Customer 0154,Consumer,Furniture,Desk,South,Retail Store,7,208.03,0.1,1310.59,1101.65,208.94
ORD-10691,2025-10-23,CUST-0083,Customer 0083,Consumer,Office Supplies,Pen Set,South,Online,5,18.55,0.2,74.2,51.35,22.85
ORD-10692,2024-11-13,CUST-0238,Customer 0238,Consumer,Electronics,Smartphone,South,Online,8,573.69,0.15,3901.09,2721.82,1179.27
ORD-10693,2024-01-30,CUST-0133,Customer 0133,Consumer,Office Supplies,Printer,West,Online,5,284.26,0.2,1137.04,881.78,255.26
ORD-10694,2024-11-17,CUST-0309,Customer 0309,Corporate,Electronics,Laptop,North,Retail Store,5,840.13,0.0,4200.65,2908.75,1291.9
ORD-10695,2024-04-24,CUST-0293,Customer 0293,Home Office,Furniture,Desk,East,Retail Store,2,230.84,0.15,392.43,295.56,96.87
ORD-10696,2025-09-06,CUST-0063,Customer 0063,Home Office,Electronics,Smartphone,South,Retail Store,6,549.85,0.05,3134.14,2532.49,601.65
ORD-10697,2024-04-19,CUST-0090,Customer 0090,Home Office,Furniture,Desk,North,Retail Store,4,216.01,0.05,820.84,524.52,296.32
ORD-10698,2025-12-17,CUST-0058,Customer 0058,Corporate,Home & Kitchen,Lamp,South,Retail Store,6,43.97,0.15,224.25,176.92,47.33
ORD-10699,2024-11-11,CUST-0011,Customer 0011,Home Office,Fashion,Jacket,South,Retail Store,1,94.38,0.2,75.5,66.39,9.11
ORD-10700,2024-11-12,CUST-0328,Customer 0328,Corporate,Home & Kitchen,Vacuum Cleaner,West,Online,6,186.19,0.2,893.71,762.72,130.99
ORD-10701,2024-11-04,CUST-0047,Customer 0047,Corporate,Fashion,Jacket,East,Marketplace,4,82.18,0.05,312.28,269.06,43.22
ORD-10702,2024-10-07,CUST-0042,Customer 0042,Corporate,Fashion,T-Shirt,West,Online,8,26.78,0.1,192.82,168.58,24.24
ORD-10703,2025-06-02,CUST-0034,Customer 0034,Home Office,Furniture,Bookshelf,East,Retail Store,6,123.68,0.1,667.87,557.47,110.4
ORD-10704,2025-10-18,CUST-0329,Customer 0329,Consumer,Electronics,Laptop,West,Online,3,737.27,0.2,1769.45,1370.23,399.22
ORD-10705,2025-08-12,CUST-0043,Customer 0043,Home Office,Office Supplies,Pen Set,South,Marketplace,2,16.65,0.0,33.3,26.63,6.67
ORD-10706,2025-04-07,CUST-0245,Customer 0245,Corporate,Fashion,Jacket,East,Online,3,81.18,0.05,231.36,175.27,56.09
ORD-10707,2025-01-11,CUST-0094,Customer 0094,Consumer,Electronics,Smartwatch,North,Online,7,204.02,0.1,1285.33,1104.77,180.56
ORD-10708,2024-04-01,CUST-0237,Customer 0237,Corporate,Home & Kitchen,Cookware Set,West,Marketplace,4,148.45,0.05,564.11,343.58,220.53
ORD-10709,2024-04-01,CUST-0189,Customer 0189,Corporate,Office Supplies,Printer,West,Marketplace,3,247.86,0.15,632.04,506.58,125.46
ORD-10710,2024-08-17,CUST-0105,Customer 0105,Consumer,Fashion,T-Shirt,West,Online,4,23.41,0.05,88.96,64.31,24.65
ORD-10711,2024-10-16,CUST-0347,Customer 0347,Consumer,Home & Kitchen,Cookware Set,East,Retail Store,4,126.58,0.1,455.69,377.02,78.67
ORD-10712,2024-09-11,CUST-0190,Customer 0190,Corporate,Furniture,Sofa,West,Marketplace,8,554.51,0.0,4436.08,2646.66,1789.42
ORD-10713,2025-12-26,CUST-0217,Customer 0217,Corporate,Furniture,Sofa,South,Retail Store,5,571.08,0.0,2855.4,1629.19,1226.21
ORD-10714,2024-01-06,CUST-0130,Customer 0130,Consumer,Office Supplies,Notebook,North,Marketplace,7,13.72,0.05,91.24,71.62,19.62
ORD-10715,2024-06-22,CUST-0258,Customer 0258,Corporate,Furniture,Bookshelf,West,Online,8,133.6,0.05,1015.36,605.33,410.03
ORD-10716,2024-11-16,CUST-0023,Customer 0023,Home Office,Office Supplies,Notebook,East,Retail Store,3,13.34,0.1,36.02,30.34,5.68
ORD-10717,2025-09-19,CUST-0136,Customer 0136,Corporate,Office Supplies,Pen Set,South,Marketplace,6,20.12,0.1,108.65,71.76,36.89
ORD-10718,2024-07-12,CUST-0077,Customer 0077,Consumer,Fashion,T-Shirt,West,Retail Store,1,22.62,0.0,22.62,16.16,6.46
ORD-10719,2024-02-11,CUST-0227,Customer 0227,Consumer,Electronics,Smartwatch,South,Online,6,183.29,0.2,879.79,624.84,254.95
ORD-10720,2024-07-27,CUST-0146,Customer 0146,Home Office,Office Supplies,Notebook,South,Marketplace,3,12.9,0.0,38.7,32.43,6.27
ORD-10721,2025-03-02,CUST-0040,Customer 0040,Consumer,Electronics,Smartphone,East,Marketplace,4,526.54,0.1,1895.54,1631.26,264.28
ORD-10722,2025-01-17,CUST-0303,Customer 0303,Home Office,Electronics,Smartwatch,West,Retail Store,2,161.3,0.05,306.47,177.25,129.22
ORD-10723,2024-12-03,CUST-0023,Customer 0023,Home Office,Office Supplies,Notebook,South,Online,8,13.61,0.05,103.44,93.09,10.35
ORD-10724,2024-11-26,CUST-0029,Customer 0029,Corporate,Electronics,Headphones,East,Online,2,90.85,0.15,154.44,105.56,48.88
ORD-10725,2024-04-01,CUST-0011,Customer 0011,Home Office,Furniture,Sofa,South,Online,4,628.26,0.0,2513.04,1736.11,776.93
ORD-10726,2025-03-18,CUST-0159,Customer 0159,Home Office,Office Supplies,Paper Pack,South,Retail Store,3,26.24,0.05,74.78,62.91,11.87
ORD-10727,2025-05-02,CUST-0138,Customer 0138,Home Office,Fashion,Sneakers,South,Retail Store,7,118.46,0.0,829.22,691.44,137.78
ORD-10728,2024-02-11,CUST-0263,Customer 0263,Home Office,Fashion,T-Shirt,South,Retail Store,6,26.32,0.1,142.13,110.39,31.74
ORD-10729,2024-10-24,CUST-0240,Customer 0240,Consumer,Home & Kitchen,Blender,South,Marketplace,7,84.16,0.0,589.12,422.5,166.62
ORD-10730,2025-06-19,CUST-0219,Customer 0219,Consumer,Office Supplies,Printer,North,Marketplace,5,242.01,0.15,1028.54,593.25,435.29
ORD-10731,2024-04-06,CUST-0238,Customer 0238,Home Office,Fashion,Sneakers,North,Online,5,101.91,0.05,484.07,280.09,203.98
ORD-10732,2024-07-05,CUST-0202,Customer 0202,Corporate,Fashion,Jeans,West,Marketplace,1,53.62,0.0,53.62,42.71,10.91
ORD-10733,2024-12-15,CUST-0096,Customer 0096,Corporate,Fashion,Jacket,North,Retail Store,4,78.61,0.0,314.44,281.04,33.4
ORD-10734,2024-01-06,CUST-0203,Customer 0203,Home Office,Home & Kitchen,Blender,West,Marketplace,2,67.61,0.0,135.22,96.95,38.27
ORD-10735,2024-11-06,CUST-0317,Customer 0317,Corporate,Home & Kitchen,Vacuum Cleaner,East,Online,6,220.95,0.2,1060.56,839.54,221.02
ORD-10736,2024-01-15,CUST-0098,Customer 0098,Consumer,Furniture,Desk,South,Retail Store,2,232.94,0.0,465.88,286.92,178.96
ORD-10737,2025-03-22,CUST-0321,Customer 0321,Corporate,Furniture,Desk,West,Online,4,206.86,0.0,827.44,589.3,238.14
ORD-10738,2024-06-05,CUST-0228,Customer 0228,Consumer,Electronics,Smartphone,South,Retail Store,8,427.94,0.1,3081.17,2179.41,901.76
ORD-10739,2024-02-22,CUST-0171,Customer 0171,Corporate,Home & Kitchen,Vacuum Cleaner,West,Marketplace,1,218.22,0.0,218.22,174.48,43.74
ORD-10740,2024-02-07,CUST-0250,Customer 0250,Home Office,Home & Kitchen,Lamp,West,Online,7,45.18,0.1,284.63,228.73,55.9
ORD-10741,2025-03-08,CUST-0296,Customer 0296,Corporate,Electronics,Laptop,West,Online,6,651.79,0.15,3324.13,2867.09,457.04
ORD-10742,2025-04-04,CUST-0224,Customer 0224,Corporate,Fashion,Jacket,West,Online,1,84.28,0.0,84.28,52.02,32.26
ORD-10743,2025-08-24,CUST-0174,Customer 0174,Corporate,Home & Kitchen,Cookware Set,West,Marketplace,8,156.09,0.0,1248.72,1002.78,245.94
ORD-10744,2024-06-14,CUST-0319,Customer 0319,Corporate,Office Supplies,Paper Pack,South,Online,4,26.43,0.05,100.43,58.27,42.16
ORD-10745,2025-09-12,CUST-0252,Customer 0252,Consumer,Furniture,Desk,South,Marketplace,2,249.24,0.1,448.63,324.27,124.36
ORD-10746,2025-01-02,CUST-0134,Customer 0134,Home Office,Electronics,Laptop,North,Online,6,673.19,0.2,3231.31,2713.6,517.71
ORD-10747,2024-04-26,CUST-0317,Customer 0317,Corporate,Office Supplies,Paper Pack,East,Online,4,25.46,0.0,101.84,73.35,28.49
ORD-10748,2024-06-03,CUST-0264,Customer 0264,Corporate,Home & Kitchen,Lamp,North,Online,2,38.93,0.2,62.29,54.89,7.4
ORD-10749,2025-07-29,CUST-0022,Customer 0022,Corporate,Home & Kitchen,Blender,South,Marketplace,2,77.92,0.0,155.84,133.21,22.63
ORD-10750,2025-06-02,CUST-0256,Customer 0256,Consumer,Office Supplies,Paper Pack,North,Online,2,26.1,0.0,52.2,34.82,17.38
ORD-10751,2024-01-07,CUST-0126,Customer 0126,Corporate,Fashion,Sneakers,East,Marketplace,8,102.96,0.05,782.5,477.28,305.22
ORD-10752,2025-10-06,CUST-0341,Customer 0341,Consumer,Fashion,Jacket,South,Retail Store,4,96.84,0.0,387.36,284.86,102.5
ORD-10753,2025-04-14,CUST-0265,Customer 0265,Home Office,Fashion,Sneakers,North,Online,6,108.11,0.0,648.66,531.61,117.05
ORD-10754,2025-02-15,CUST-0085,Customer 0085,Home Office,Office Supplies,Pen Set,South,Marketplace,7,17.42,0.0,121.94,68.65,53.29
ORD-10755,2025-03-05,CUST-0206,Customer 0206,Consumer,Electronics,Headphones,East,Marketplace,5,85.82,0.2,343.28,298.05,45.23
ORD-10756,2025-12-18,CUST-0207,Customer 0207,Home Office,Home & Kitchen,Cookware Set,West,Marketplace,8,127.62,0.2,816.77,604.86,211.91
ORD-10757,2024-07-21,CUST-0155,Customer 0155,Home Office,Office Supplies,Paper Pack,South,Marketplace,2,25.28,0.0,50.56,34.71,15.85
ORD-10758,2024-08-06,CUST-0048,Customer 0048,Consumer,Home & Kitchen,Lamp,North,Marketplace,5,42.85,0.15,182.11,140.68,41.43
ORD-10759,2024-09-04,CUST-0156,Customer 0156,Corporate,Home & Kitchen,Lamp,East,Marketplace,7,39.74,0.15,236.45,135.01,101.44
ORD-10760,2024-05-06,CUST-0025,Customer 0025,Corporate,Home & Kitchen,Lamp,East,Online,2,42.27,0.1,76.09,61.47,14.62
ORD-10761,2024-12-24,CUST-0154,Customer 0154,Home Office,Home & Kitchen,Cookware Set,South,Marketplace,5,151.96,0.2,607.84,486.39,121.45
ORD-10762,2024-04-17,CUST-0168,Customer 0168,Corporate,Fashion,Jeans,West,Online,4,54.25,0.05,206.15,123.96,82.19
ORD-10763,2025-03-11,CUST-0067,Customer 0067,Home Office,Electronics,Laptop,West,Marketplace,8,737.89,0.0,5903.12,4009.71,1893.41
ORD-10764,2024-09-27,CUST-0300,Customer 0300,Corporate,Home & Kitchen,Vacuum Cleaner,West,Online,8,205.18,0.2,1313.15,924.49,388.66
ORD-10765,2025-05-11,CUST-0235,Customer 0235,Home Office,Furniture,Desk,South,Retail Store,3,220.87,0.2,530.09,389.72,140.37
ORD-10766,2024-06-09,CUST-0287,Customer 0287,Consumer,Fashion,T-Shirt,East,Marketplace,6,25.76,0.0,154.56,107.11,47.45
ORD-10767,2025-06-19,CUST-0079,Customer 0079,Corporate,Office Supplies,Notebook,West,Online,2,11.3,0.05,21.47,14.62,6.85
ORD-10768,2025-08-26,CUST-0216,Customer 0216,Home Office,Furniture,Desk,West,Online,1,245.68,0.05,233.4,145.98,87.42
ORD-10769,2024-03-10,CUST-0023,Customer 0023,Corporate,Electronics,Headphones,West,Retail Store,7,81.75,0.1,515.02,385.24,129.78
ORD-10770,2024-05-21,CUST-0259,Customer 0259,Home Office,Home & Kitchen,Cookware Set,East,Online,8,147.02,0.1,1058.54,637.39,421.15
ORD-10771,2025-01-31,CUST-0120,Customer 0120,Corporate,Home & Kitchen,Vacuum Cleaner,East,Marketplace,7,212.58,0.05,1413.66,1251.55,162.11
ORD-10772,2025-12-25,CUST-0013,Customer 0013,Consumer,Electronics,Smartphone,South,Marketplace,5,521.77,0.15,2217.52,1719.4,498.12
ORD-10773,2025-08-06,CUST-0268,Customer 0268,Home Office,Home & Kitchen,Blender,South,Online,4,75.06,0.1,270.22,150.39,119.83
ORD-10774,2024-09-08,CUST-0297,Customer 0297,Corporate,Office Supplies,Printer,North,Retail Store,8,305.78,0.0,2446.24,1865.01,581.23
ORD-10775,2025-03-23,CUST-0093,Customer 0093,Corporate,Electronics,Headphones,North,Online,7,88.63,0.0,620.41,410.14,210.27
ORD-10776,2024-10-19,CUST-0074,Customer 0074,Corporate,Electronics,Smartphone,South,Online,3,540.25,0.05,1539.71,929.95,609.76
ORD-10777,2024-07-04,CUST-0014,Customer 0014,Corporate,Home & Kitchen,Lamp,East,Retail Store,1,43.51,0.05,41.33,27.36,13.97
ORD-10778,2024-02-23,CUST-0104,Customer 0104,Home Office,Fashion,T-Shirt,West,Online,4,25.65,0.15,87.21,63.01,24.2
ORD-10779,2024-11-21,CUST-0238,Customer 0238,Consumer,Office Supplies,Notebook,North,Retail Store,7,11.94,0.0,83.58,57.89,25.69
ORD-10780,2024-09-09,CUST-0285,Customer 0285,Home Office,Home & Kitchen,Blender,South,Online,3,76.54,0.05,218.14,154.03,64.11
ORD-10781,2024-09-08,CUST-0276,Customer 0276,Corporate,Office Supplies,Printer,East,Marketplace,7,275.95,0.15,1641.9,903.62,738.28
ORD-10782,2024-03-02,CUST-0247,Customer 0247,Corporate,Furniture,Office Chair,South,Marketplace,5,138.79,0.15,589.86,464.81,125.05
ORD-10783,2024-02-16,CUST-0083,Customer 0083,Consumer,Home & Kitchen,Lamp,East,Retail Store,2,39.46,0.05,74.97,59.56,15.41
ORD-10784,2025-11-29,CUST-0176,Customer 0176,Corporate,Furniture,Bookshelf,East,Online,5,118.3,0.2,473.2,300.99,172.21
ORD-10785,2024-01-17,CUST-0069,Customer 0069,Home Office,Fashion,Jacket,South,Retail Store,1,89.37,0.15,75.96,65.74,10.22
ORD-10786,2025-02-06,CUST-0276,Customer 0276,Home Office,Home & Kitchen,Vacuum Cleaner,West,Marketplace,2,219.53,0.2,351.25,259.41,91.84
ORD-10787,2025-01-20,CUST-0308,Customer 0308,Home Office,Electronics,Headphones,North,Online,6,72.25,0.1,390.15,319.45,70.7
ORD-10788,2024-07-16,CUST-0228,Customer 0228,Home Office,Fashion,Jacket,East,Online,1,96.56,0.0,96.56,78.74,17.82
ORD-10789,2024-08-14,CUST-0120,Customer 0120,Home Office,Electronics,Headphones,South,Online,8,68.88,0.05,523.49,378.22,145.27
ORD-10790,2024-04-23,CUST-0143,Customer 0143,Home Office,Furniture,Sofa,South,Online,8,660.1,0.0,5280.8,4124.01,1156.79
ORD-10791,2024-03-07,CUST-0066,Customer 0066,Home Office,Home & Kitchen,Cookware Set,East,Online,5,154.93,0.15,658.45,565.18,93.27
ORD-10792,2025-11-28,CUST-0287,Customer 0287,Home Office,Electronics,Headphones,North,Retail Store,8,90.51,0.0,724.08,560.68,163.4
ORD-10793,2024-10-07,CUST-0063,Customer 0063,Home Office,Fashion,Sneakers,South,Online,8,105.43,0.1,759.1,619.17,139.93
ORD-10794,2025-06-29,CUST-0230,Customer 0230,Home Office,Office Supplies,Paper Pack,North,Marketplace,6,24.19,0.0,145.14,96.83,48.31
ORD-10795,2024-03-17,CUST-0128,Customer 0128,Home Office,Furniture,Sofa,North,Online,4,616.7,0.0,2466.8,1411.0,1055.8
ORD-10796,2024-01-25,CUST-0304,Customer 0304,Corporate,Fashion,Sneakers,North,Retail Store,6,101.66,0.05,579.46,414.75,164.71
ORD-10797,2024-03-15,CUST-0308,Customer 0308,Consumer,Home & Kitchen,Cookware Set,North,Online,8,145.26,0.0,1162.08,874.61,287.47
ORD-10798,2025-12-11,CUST-0034,Customer 0034,Corporate,Fashion,Jacket,West,Online,3,101.32,0.0,303.96,214.19,89.77
ORD-10799,2025-07-26,CUST-0027,Customer 0027,Corporate,Electronics,Laptop,South,Marketplace,5,727.88,0.1,3275.46,2509.18,766.28
ORD-10800,2025-04-09,CUST-0197,Customer 0197,Corporate,Home & Kitchen,Blender,North,Retail Store,8,83.55,0.1,601.56,461.23,140.33
ORD-10801,2025-08-24,CUST-0099,Customer 0099,Home Office,Home & Kitchen,Lamp,South,Marketplace,2,38.42,0.0,76.84,61.45,15.39
ORD-10802,2024-12-29,CUST-0216,Customer 0216,Consumer,Furniture,Bookshelf,North,Online,8,124.35,0.2,795.84,489.5,306.34
ORD-10803,2025-08-21,CUST-0224,Customer 0224,Consumer,Furniture,Bookshelf,South,Retail Store,6,123.01,0.05,701.16,518.44,182.72
ORD-10804,2024-10-25,CUST-0189,Customer 0189,Consumer,Office Supplies,Pen Set,South,Marketplace,1,18.47,0.15,15.7,12.36,3.34
ORD-10805,2025-03-08,CUST-0177,Customer 0177,Consumer,Home & Kitchen,Blender,East,Online,4,78.16,0.0,312.64,193.97,118.67
ORD-10806,2025-09-06,CUST-0170,Customer 0170,Consumer,Fashion,Sneakers,West,Online,6,103.39,0.15,527.29,350.66,176.63
ORD-10807,2024-01-04,CUST-0328,Customer 0328,Consumer,Fashion,Jeans,West,Marketplace,4,50.55,0.2,161.76,124.29,37.47
ORD-10808,2024-07-29,CUST-0205,Customer 0205,Consumer,Office Supplies,Paper Pack,North,Online,3,23.97,0.0,71.91,41.41,30.5
ORD-10809,2024-07-18,CUST-0324,Customer 0324,Corporate,Office Supplies,Paper Pack,South,Online,6,28.56,0.0,171.36,106.19,65.17
ORD-10810,2024-12-13,CUST-0284,Customer 0284,Corporate,Office Supplies,Printer,North,Online,4,254.46,0.0,1017.84,622.54,395.3
ORD-10811,2025-11-01,CUST-0057,Customer 0057,Corporate,Furniture,Sofa,South,Marketplace,6,611.99,0.0,3671.94,2328.2,1343.74
ORD-10812,2025-12-29,CUST-0034,Customer 0034,Consumer,Home & Kitchen,Vacuum Cleaner,South,Marketplace,2,234.11,0.0,468.22,278.96,189.26
ORD-10813,2024-11-21,CUST-0307,Customer 0307,Home Office,Fashion,Jacket,South,Marketplace,7,83.1,0.2,465.36,263.47,201.89
ORD-10814,2024-12-01,CUST-0127,Customer 0127,Home Office,Office Supplies,Printer,West,Online,1,304.83,0.2,243.86,208.62,35.24
ORD-10815,2025-11-10,CUST-0315,Customer 0315,Home Office,Electronics,Smartwatch,East,Retail Store,2,180.47,0.0,360.94,293.43,67.51
ORD-10816,2024-07-02,CUST-0165,Customer 0165,Corporate,Home & Kitchen,Vacuum Cleaner,West,Retail Store,6,222.25,0.15,1133.47,907.32,226.15
ORD-10817,2025-10-15,CUST-0299,Customer 0299,Consumer,Home & Kitchen,Vacuum Cleaner,West,Online,1,192.33,0.0,192.33,119.45,72.88
ORD-10818,2025-01-21,CUST-0293,Customer 0293,Consumer,Office Supplies,Paper Pack,East,Retail Store,3,23.16,0.05,66.01,38.26,27.75
ORD-10819,2024-08-23,CUST-0299,Customer 0299,Corporate,Home & Kitchen,Lamp,West,Retail Store,1,45.17,0.1,40.65,27.14,13.51
ORD-10820,2025-05-24,CUST-0163,Customer 0163,Corporate,Fashion,Jacket,North,Retail Store,5,77.17,0.1,347.27,244.68,102.59
ORD-10821,2025-05-28,CUST-0263,Customer 0263,Consumer,Electronics,Headphones,East,Online,2,90.24,0.05,171.46,100.21,71.25
ORD-10822,2024-12-07,CUST-0101,Customer 0101,Home Office,Home & Kitchen,Cookware Set,East,Online,6,131.71,0.05,750.75,627.21,123.54
ORD-10823,2025-07-10,CUST-0134,Customer 0134,Corporate,Home & Kitchen,Cookware Set,West,Marketplace,1,130.84,0.05,124.3,83.45,40.85
ORD-10824,2025-10-31,CUST-0263,Customer 0263,Consumer,Electronics,Smartwatch,West,Online,3,165.29,0.1,446.28,358.44,87.84
ORD-10825,2025-04-17,CUST-0175,Customer 0175,Home Office,Home & Kitchen,Vacuum Cleaner,West,Online,2,231.79,0.05,440.4,308.31,132.09
ORD-10826,2025-07-25,CUST-0016,Customer 0016,Home Office,Fashion,Sneakers,North,Retail Store,6,112.56,0.0,675.36,401.79,273.57
ORD-10827,2024-08-18,CUST-0215,Customer 0215,Home Office,Office Supplies,Pen Set,East,Retail Store,7,19.36,0.2,108.42,88.58,19.84
ORD-10828,2025-08-04,CUST-0017,Customer 0017,Home Office,Home & Kitchen,Blender,West,Retail Store,3,85.74,0.0,257.22,230.98,26.24
ORD-10829,2024-03-06,CUST-0274,Customer 0274,Corporate,Furniture,Sofa,East,Online,7,645.08,0.0,4515.56,3003.27,1512.29
ORD-10830,2025-11-22,CUST-0284,Customer 0284,Consumer,Furniture,Office Chair,South,Online,3,164.69,0.0,494.07,376.07,118.0
ORD-10831,2024-10-17,CUST-0106,Customer 0106,Consumer,Electronics,Smartwatch,East,Marketplace,4,188.62,0.05,716.76,411.77,304.99
ORD-10832,2024-11-30,CUST-0211,Customer 0211,Corporate,Electronics,Smartphone,West,Marketplace,7,573.44,0.0,4014.08,2389.17,1624.91
ORD-10833,2024-07-30,CUST-0067,Customer 0067,Corporate,Electronics,Smartwatch,South,Marketplace,4,176.34,0.05,670.09,534.99,135.1
ORD-10834,2025-08-24,CUST-0104,Customer 0104,Corporate,Home & Kitchen,Lamp,North,Retail Store,8,40.97,0.05,311.37,279.26,32.11
ORD-10835,2025-06-22,CUST-0169,Customer 0169,Consumer,Home & Kitchen,Cookware Set,East,Marketplace,8,138.43,0.1,996.7,561.82,434.88
ORD-10836,2025-12-18,CUST-0153,Customer 0153,Corporate,Fashion,Jacket,South,Online,7,98.73,0.15,587.44,497.82,89.62
ORD-10837,2025-04-13,CUST-0197,Customer 0197,Consumer,Home & Kitchen,Vacuum Cleaner,South,Online,3,214.32,0.2,514.37,353.75,160.62
ORD-10838,2025-11-13,CUST-0035,Customer 0035,Consumer,Office Supplies,Pen Set,East,Online,4,17.52,0.1,63.07,51.51,11.56
ORD-10839,2025-02-23,CUST-0231,Customer 0231,Consumer,Electronics,Headphones,North,Marketplace,3,72.98,0.05,207.99,117.64,90.35
ORD-10840,2024-12-17,CUST-0205,Customer 0205,Home Office,Fashion,Sneakers,South,Retail Store,4,94.75,0.1,341.1,217.52,123.58
ORD-10841,2025-04-17,CUST-0035,Customer 0035,Corporate,Fashion,Sneakers,South,Retail Store,2,115.18,0.15,195.81,156.6,39.21
ORD-10842,2024-06-23,CUST-0010,Customer 0010,Corporate,Office Supplies,Printer,South,Online,2,262.71,0.0,525.42,387.3,138.12
ORD-10843,2024-06-06,CUST-0226,Customer 0226,Home Office,Electronics,Headphones,South,Retail Store,6,73.2,0.0,439.2,246.85,192.35
ORD-10844,2025-02-03,CUST-0158,Customer 0158,Corporate,Electronics,Laptop,South,Online,8,772.1,0.0,6176.8,3502.45,2674.35
ORD-10845,2024-07-23,CUST-0047,Customer 0047,Consumer,Office Supplies,Printer,North,Online,1,240.35,0.1,216.31,120.07,96.24
ORD-10846,2024-06-20,CUST-0023,Customer 0023,Home Office,Electronics,Smartphone,South,Marketplace,7,441.15,0.15,2624.84,1744.2,880.64
ORD-10847,2025-03-14,CUST-0062,Customer 0062,Consumer,Furniture,Sofa,West,Marketplace,4,573.15,0.0,2292.6,1520.4,772.2
ORD-10848,2025-02-02,CUST-0109,Customer 0109,Home Office,Office Supplies,Notebook,East,Online,8,10.44,0.0,83.52,69.76,13.76
ORD-10849,2025-02-24,CUST-0155,Customer 0155,Home Office,Electronics,Smartphone,South,Retail Store,8,531.88,0.0,4255.04,3518.67,736.37
ORD-10850,2025-10-08,CUST-0199,Customer 0199,Home Office,Electronics,Headphones,East,Marketplace,3,72.21,0.05,205.8,168.06,37.74
ORD-10851,2024-12-09,CUST-0010,Customer 0010,Home Office,Fashion,T-Shirt,North,Online,8,25.08,0.1,180.58,146.2,34.38
ORD-10852,2024-11-12,CUST-0122,Customer 0122,Corporate,Electronics,Laptop,West,Retail Store,7,776.95,0.0,5438.65,3105.32,2333.33
ORD-10853,2025-01-19,CUST-0105,Customer 0105,Corporate,Furniture,Desk,East,Online,1,247.95,0.0,247.95,188.27,59.68
ORD-10854,2025-10-21,CUST-0021,Customer 0021,Consumer,Office Supplies,Pen Set,East,Retail Store,7,19.69,0.2,110.26,89.61,20.65
ORD-10855,2025-07-06,CUST-0028,Customer 0028,Corporate,Furniture,Desk,East,Online,4,232.95,0.2,745.44,468.03,277.41
ORD-10856,2024-03-07,CUST-0252,Customer 0252,Consumer,Fashion,T-Shirt,South,Online,2,21.64,0.0,43.28,38.83,4.45
ORD-10857,2024-08-29,CUST-0260,Customer 0260,Home Office,Furniture,Desk,South,Online,2,234.85,0.1,422.73,278.58,144.15
ORD-10858,2025-09-12,CUST-0128,Customer 0128,Consumer,Fashion,Jeans,East,Retail Store,5,56.26,0.05,267.24,237.5,29.74
ORD-10859,2025-02-11,CUST-0194,Customer 0194,Home Office,Electronics,Headphones,West,Online,3,78.59,0.1,212.19,154.23,57.96
ORD-10860,2025-01-25,CUST-0219,Customer 0219,Home Office,Fashion,T-Shirt,South,Retail Store,2,25.71,0.05,48.85,29.48,19.37
ORD-10861,2024-11-09,CUST-0233,Customer 0233,Corporate,Fashion,Sneakers,South,Marketplace,5,112.05,0.1,504.23,362.19,142.04
ORD-10862,2024-06-07,CUST-0098,Customer 0098,Corporate,Fashion,Jeans,West,Retail Store,1,60.97,0.0,60.97,49.12,11.85
ORD-10863,2025-01-17,CUST-0197,Customer 0197,Corporate,Fashion,Sneakers,North,Online,8,114.65,0.05,871.34,658.65,212.69
ORD-10864,2024-07-17,CUST-0224,Customer 0224,Home Office,Fashion,Jeans,East,Marketplace,5,52.5,0.2,210.0,167.62,42.38
ORD-10865,2025-03-10,CUST-0127,Customer 0127,Home Office,Electronics,Smartwatch,North,Marketplace,4,154.86,0.1,557.5,465.29,92.21
ORD-10866,2025-09-11,CUST-0234,Customer 0234,Home Office,Furniture,Bookshelf,South,Online,3,110.91,0.05,316.09,237.83,78.26
ORD-10867,2025-10-21,CUST-0197,Customer 0197,Home Office,Electronics,Laptop,South,Retail Store,7,769.39,0.2,4308.58,3728.42,580.16
ORD-10868,2024-09-15,CUST-0155,Customer 0155,Home Office,Furniture,Sofa,North,Online,7,612.56,0.15,3644.73,2529.67,1115.06
ORD-10869,2024-05-26,CUST-0138,Customer 0138,Consumer,Home & Kitchen,Lamp,West,Online,4,43.62,0.2,139.58,91.82,47.76
ORD-10870,2025-12-14,CUST-0214,Customer 0214,Consumer,Electronics,Laptop,East,Online,7,702.38,0.2,3933.33,2756.6,1176.73
ORD-10871,2025-05-13,CUST-0094,Customer 0094,Consumer,Furniture,Desk,North,Marketplace,2,224.43,0.1,403.97,252.24,151.73
ORD-10872,2024-09-22,CUST-0210,Customer 0210,Home Office,Furniture,Desk,South,Online,8,247.26,0.2,1582.46,930.83,651.63
ORD-10873,2025-01-21,CUST-0064,Customer 0064,Corporate,Office Supplies,Notebook,West,Marketplace,5,11.43,0.0,57.15,43.15,14.0
ORD-10874,2024-03-03,CUST-0137,Customer 0137,Consumer,Electronics,Laptop,South,Marketplace,1,768.55,0.2,614.84,550.69,64.15
ORD-10875,2025-09-09,CUST-0267,Customer 0267,Corporate,Electronics,Smartwatch,East,Retail Store,5,178.55,0.1,803.48,536.69,266.79
ORD-10876,2024-09-02,CUST-0185,Customer 0185,Corporate,Office Supplies,Pen Set,North,Online,7,18.6,0.1,117.18,104.45,12.73
ORD-10877,2024-05-22,CUST-0014,Customer 0014,Consumer,Fashion,Sneakers,East,Retail Store,2,102.72,0.15,174.62,138.78,35.84
ORD-10878,2025-06-11,CUST-0212,Customer 0212,Corporate,Home & Kitchen,Vacuum Cleaner,North,Marketplace,4,240.63,0.0,962.52,851.97,110.55
ORD-10879,2024-11-29,CUST-0348,Customer 0348,Home Office,Office Supplies,Notebook,North,Retail Store,8,12.38,0.0,99.04,68.34,30.7
ORD-10880,2025-11-05,CUST-0052,Customer 0052,Home Office,Fashion,Sneakers,North,Online,7,113.54,0.05,755.04,603.41,151.63
ORD-10881,2024-11-04,CUST-0345,Customer 0345,Corporate,Fashion,T-Shirt,South,Online,8,27.97,0.0,223.76,197.86,25.9
ORD-10882,2025-11-06,CUST-0046,Customer 0046,Corporate,Furniture,Desk,West,Retail Store,2,252.56,0.1,454.61,254.69,199.92
ORD-10883,2025-11-12,CUST-0244,Customer 0244,Home Office,Furniture,Bookshelf,West,Online,2,106.89,0.2,171.02,126.06,44.96
ORD-10884,2025-08-12,CUST-0308,Customer 0308,Home Office,Office Supplies,Printer,West,Marketplace,2,266.83,0.2,426.93,370.81,56.12
ORD-10885,2024-08-26,CUST-0115,Customer 0115,Corporate,Home & Kitchen,Vacuum Cleaner,South,Marketplace,5,196.83,0.0,984.15,579.65,404.5
ORD-10886,2024-05-10,CUST-0161,Customer 0161,Home Office,Electronics,Headphones,South,Retail Store,7,85.69,0.15,509.86,335.89,173.97
ORD-10887,2025-01-08,CUST-0348,Customer 0348,Consumer,Fashion,Jacket,West,Online,3,94.42,0.15,240.77,182.21,58.56
ORD-10888,2024-11-19,CUST-0075,Customer 0075,Home Office,Home & Kitchen,Vacuum Cleaner,East,Online,5,209.99,0.0,1049.95,744.97,304.98
ORD-10889,2024-11-12,CUST-0258,Customer 0258,Corporate,Electronics,Headphones,South,Retail Store,2,91.92,0.05,174.65,139.25,35.4
ORD-10890,2024-03-01,CUST-0171,Customer 0171,Consumer,Office Supplies,Paper Pack,North,Online,3,22.83,0.2,54.79,44.18,10.61
ORD-10891,2024-11-02,CUST-0338,Customer 0338,Home Office,Fashion,Sneakers,West,Retail Store,3,111.58,0.0,334.74,223.64,111.1
ORD-10892,2024-03-14,CUST-0271,Customer 0271,Home Office,Fashion,Sneakers,West,Online,5,116.48,0.05,553.28,342.08,211.2
ORD-10893,2025-08-17,CUST-0028,Customer 0028,Corporate,Furniture,Bookshelf,West,Retail Store,5,125.57,0.1,565.06,424.93,140.13
ORD-10894,2024-08-11,CUST-0101,Customer 0101,Home Office,Furniture,Desk,South,Retail Store,1,234.91,0.05,223.16,167.7,55.46
ORD-10895,2024-02-27,CUST-0050,Customer 0050,Home Office,Fashion,Jeans,East,Marketplace,6,49.71,0.1,268.43,152.57,115.86
ORD-10896,2025-10-04,CUST-0207,Customer 0207,Corporate,Fashion,Jeans,South,Marketplace,4,48.71,0.0,194.84,134.21,60.63
ORD-10897,2025-04-19,CUST-0333,Customer 0333,Consumer,Fashion,T-Shirt,North,Online,7,25.99,0.05,172.83,121.98,50.85
ORD-10898,2025-05-15,CUST-0329,Customer 0329,Corporate,Electronics,Laptop,East,Marketplace,4,769.54,0.0,3078.16,2756.71,321.45
ORD-10899,2025-01-28,CUST-0248,Customer 0248,Consumer,Electronics,Smartphone,South,Retail Store,7,510.71,0.05,3396.22,1986.12,1410.1
ORD-10900,2025-07-23,CUST-0275,Customer 0275,Home Office,Electronics,Smartwatch,North,Online,8,181.02,0.0,1448.16,1092.86,355.3
ORD-10901,2025-09-05,CUST-0093,Customer 0093,Consumer,Electronics,Smartphone,South,Marketplace,1,492.08,0.15,418.27,276.06,142.21
ORD-10902,2024-03-30,CUST-0288,Customer 0288,Corporate,Furniture,Desk,East,Marketplace,5,192.58,0.0,962.9,571.63,391.27
ORD-10903,2025-11-04,CUST-0001,Customer 0001,Corporate,Furniture,Sofa,West,Online,4,561.5,0.05,2133.7,1879.85,253.85
ORD-10904,2025-12-12,CUST-0161,Customer 0161,Consumer,Home & Kitchen,Vacuum Cleaner,North,Online,6,212.41,0.15,1083.29,675.37,407.92
ORD-10905,2024-05-25,CUST-0154,Customer 0154,Corporate,Electronics,Smartphone,East,Online,4,515.32,0.0,2061.28,1289.57,771.71
ORD-10906,2024-03-17,CUST-0282,Customer 0282,Corporate,Home & Kitchen,Vacuum Cleaner,West,Online,5,202.55,0.05,962.11,833.46,128.65
ORD-10907,2025-12-12,CUST-0074,Customer 0074,Home Office,Office Supplies,Paper Pack,South,Marketplace,4,25.97,0.0,103.88,66.93,36.95
ORD-10908,2025-03-05,CUST-0079,Customer 0079,Consumer,Office Supplies,Printer,North,Retail Store,6,269.83,0.1,1457.08,1293.02,164.06
ORD-10909,2025-12-01,CUST-0281,Customer 0281,Corporate,Electronics,Laptop,East,Online,7,711.61,0.0,4981.27,2894.82,2086.45
ORD-10910,2024-01-11,CUST-0051,Customer 0051,Consumer,Furniture,Bookshelf,South,Marketplace,7,115.63,0.0,809.41,474.92,334.49
ORD-10911,2024-04-07,CUST-0271,Customer 0271,Corporate,Office Supplies,Paper Pack,North,Online,6,25.54,0.2,122.59,79.52,43.07
ORD-10912,2025-02-02,CUST-0093,Customer 0093,Home Office,Furniture,Bookshelf,West,Retail Store,6,126.4,0.2,606.72,501.19,105.53
ORD-10913,2024-09-22,CUST-0005,Customer 0005,Home Office,Home & Kitchen,Cookware Set,East,Online,3,124.31,0.2,298.34,203.64,94.7
ORD-10914,2025-11-25,CUST-0312,Customer 0312,Corporate,Office Supplies,Printer,West,Marketplace,7,276.45,0.2,1548.12,1089.31,458.81
ORD-10915,2025-03-14,CUST-0267,Customer 0267,Corporate,Office Supplies,Pen Set,West,Retail Store,4,18.73,0.05,71.17,41.31,29.86
ORD-10916,2024-03-19,CUST-0123,Customer 0123,Corporate,Electronics,Laptop,West,Online,2,766.95,0.0,1533.9,889.06,644.84
ORD-10917,2025-05-06,CUST-0255,Customer 0255,Home Office,Fashion,Jeans,North,Marketplace,2,46.98,0.1,84.56,52.14,32.42
ORD-10918,2024-09-07,CUST-0339,Customer 0339,Home Office,Fashion,Jacket,South,Online,1,88.61,0.15,75.32,45.87,29.45
ORD-10919,2024-05-16,CUST-0264,Customer 0264,Corporate,Electronics,Headphones,North,Retail Store,6,78.15,0.0,468.9,320.11,148.79
ORD-10920,2024-10-24,CUST-0154,Customer 0154,Home Office,Furniture,Office Chair,West,Online,8,139.41,0.05,1059.52,583.56,475.96
ORD-10921,2025-04-19,CUST-0317,Customer 0317,Corporate,Office Supplies,Notebook,East,Retail Store,8,11.48,0.0,91.84,70.3,21.54
ORD-10922,2024-12-24,CUST-0096,Customer 0096,Consumer,Electronics,Laptop,North,Marketplace,7,639.49,0.05,4252.61,2980.15,1272.46
ORD-10923,2025-02-24,CUST-0064,Customer 0064,Consumer,Home & Kitchen,Cookware Set,West,Retail Store,8,125.54,0.0,1004.32,783.19,221.13
ORD-10924,2025-01-08,CUST-0220,Customer 0220,Corporate,Office Supplies,Pen Set,West,Online,3,19.68,0.15,50.18,29.51,20.67
ORD-10925,2025-03-20,CUST-0003,Customer 0003,Consumer,Furniture,Bookshelf,South,Retail Store,6,109.14,0.2,523.87,322.89,200.98
ORD-10926,2024-02-02,CUST-0083,Customer 0083,Consumer,Fashion,Jacket,West,Retail Store,4,102.41,0.1,368.68,329.61,39.07
ORD-10927,2025-11-29,CUST-0066,Customer 0066,Corporate,Home & Kitchen,Vacuum Cleaner,South,Online,6,210.12,0.1,1134.65,990.83,143.82
ORD-10928,2024-05-09,CUST-0080,Customer 0080,Consumer,Electronics,Laptop,East,Retail Store,6,640.57,0.15,3266.91,2579.4,687.51
ORD-10929,2025-03-20,CUST-0246,Customer 0246,Consumer,Home & Kitchen,Blender,South,Marketplace,5,74.68,0.05,354.73,289.57,65.16
ORD-10930,2024-09-12,CUST-0144,Customer 0144,Corporate,Home & Kitchen,Cookware Set,South,Retail Store,2,160.76,0.05,305.44,194.44,111.0
ORD-10931,2024-07-12,CUST-0303,Customer 0303,Corporate,Electronics,Smartphone,South,Online,3,443.07,0.0,1329.21,917.75,411.46
ORD-10932,2025-09-23,CUST-0103,Customer 0103,Home Office,Fashion,T-Shirt,South,Online,2,24.1,0.0,48.2,35.37,12.83
ORD-10933,2025-05-05,CUST-0032,Customer 0032,Corporate,Office Supplies,Paper Pack,East,Retail Store,7,21.64,0.2,121.18,71.32,49.86
ORD-10934,2024-11-23,CUST-0025,Customer 0025,Corporate,Fashion,Jeans,South,Retail Store,3,46.76,0.0,140.28,109.58,30.7
ORD-10935,2025-09-13,CUST-0052,Customer 0052,Corporate,Fashion,Jacket,East,Online,7,83.31,0.0,583.17,421.02,162.15
ORD-10936,2025-11-30,CUST-0283,Customer 0283,Home Office,Electronics,Laptop,East,Online,3,718.63,0.05,2048.1,1707.12,340.98
ORD-10937,2025-08-21,CUST-0197,Customer 0197,Consumer,Office Supplies,Printer,North,Marketplace,2,248.96,0.0,497.92,403.27,94.65
ORD-10938,2025-12-22,CUST-0229,Customer 0229,Corporate,Furniture,Desk,West,Online,2,249.16,0.0,498.32,382.04,116.28
ORD-10939,2024-02-14,CUST-0066,Customer 0066,Home Office,Home & Kitchen,Cookware Set,East,Retail Store,4,142.12,0.1,511.63,326.62,185.01
ORD-10940,2025-03-22,CUST-0035,Customer 0035,Consumer,Fashion,T-Shirt,South,Marketplace,8,25.18,0.1,181.3,160.15,21.15
ORD-10941,2024-10-23,CUST-0024,Customer 0024,Corporate,Office Supplies,Printer,North,Online,1,253.98,0.2,203.18,169.67,33.51
ORD-10942,2025-07-29,CUST-0200,Customer 0200,Consumer,Fashion,Sneakers,South,Marketplace,7,102.46,0.15,609.64,374.58,235.06
ORD-10943,2025-05-30,CUST-0269,Customer 0269,Corporate,Electronics,Smartwatch,North,Online,5,199.03,0.05,945.39,618.03,327.36
ORD-10944,2025-06-30,CUST-0122,Customer 0122,Corporate,Furniture,Office Chair,South,Retail Store,5,156.28,0.0,781.4,687.41,93.99
ORD-10945,2024-08-03,CUST-0274,Customer 0274,Corporate,Electronics,Smartphone,East,Online,2,522.3,0.0,1044.6,805.85,238.75
ORD-10946,2024-05-16,CUST-0210,Customer 0210,Consumer,Home & Kitchen,Lamp,East,Online,5,51.55,0.05,244.86,188.32,56.54
ORD-10947,2024-09-19,CUST-0009,Customer 0009,Home Office,Office Supplies,Printer,East,Marketplace,2,300.64,0.2,481.02,328.87,152.15
ORD-10948,2025-03-28,CUST-0113,Customer 0113,Corporate,Home & Kitchen,Cookware Set,South,Retail Store,6,127.56,0.05,727.09,560.17,166.92
ORD-10949,2025-01-12,CUST-0076,Customer 0076,Consumer,Furniture,Sofa,South,Marketplace,8,649.21,0.0,5193.68,3691.6,1502.08
ORD-10950,2025-10-25,CUST-0145,Customer 0145,Corporate,Fashion,Jeans,South,Online,1,49.44,0.05,46.97,28.76,18.21
ORD-10951,2025-03-12,CUST-0126,Customer 0126,Home Office,Furniture,Office Chair,South,Marketplace,8,171.17,0.2,1095.49,640.95,454.54
ORD-10952,2025-01-21,CUST-0197,Customer 0197,Home Office,Electronics,Laptop,North,Online,1,823.48,0.0,823.48,672.95,150.53
ORD-10953,2024-10-01,CUST-0074,Customer 0074,Home Office,Furniture,Office Chair,East,Marketplace,1,170.59,0.0,170.59,100.17,70.42
ORD-10954,2024-05-22,CUST-0246,Customer 0246,Consumer,Electronics,Smartphone,North,Marketplace,8,471.11,0.0,3768.88,2704.62,1064.26
ORD-10955,2024-01-22,CUST-0023,Customer 0023,Corporate,Office Supplies,Notebook,South,Online,2,11.27,0.15,19.16,13.97,5.19
ORD-10956,2024-08-20,CUST-0219,Customer 0219,Home Office,Furniture,Office Chair,West,Marketplace,7,143.4,0.0,1003.8,652.87,350.93
ORD-10957,2024-06-22,CUST-0057,Customer 0057,Consumer,Electronics,Smartwatch,East,Online,4,204.65,0.0,818.6,530.97,287.63
ORD-10958,2024-02-14,CUST-0310,Customer 0310,Consumer,Office Supplies,Notebook,West,Online,3,11.74,0.0,35.22,23.5,11.72
ORD-10959,2024-12-22,CUST-0054,Customer 0054,Home Office,Office Supplies,Pen Set,North,Online,5,18.87,0.1,84.92,74.43,10.49
ORD-10960,2024-11-23,CUST-0076,Customer 0076,Corporate,Furniture,Desk,North,Online,7,234.61,0.1,1478.04,1219.3,258.74
ORD-10961,2024-10-12,CUST-0075,Customer 0075,Corporate,Home & Kitchen,Vacuum Cleaner,East,Retail Store,2,241.17,0.05,458.22,281.19,177.03
ORD-10962,2025-05-07,CUST-0212,Customer 0212,Consumer,Fashion,Sneakers,West,Retail Store,6,119.97,0.0,719.82,560.66,159.16
ORD-10963,2025-07-05,CUST-0274,Customer 0274,Consumer,Home & Kitchen,Vacuum Cleaner,West,Marketplace,8,212.28,0.15,1443.5,910.18,533.32
ORD-10964,2025-12-20,CUST-0045,Customer 0045,Consumer,Home & Kitchen,Cookware Set,East,Marketplace,4,119.12,0.05,452.66,406.43,46.23
ORD-10965,2024-04-22,CUST-0031,Customer 0031,Consumer,Fashion,Jeans,East,Retail Store,6,60.75,0.05,346.27,295.5,50.77
ORD-10966,2024-09-05,CUST-0108,Customer 0108,Home Office,Furniture,Sofa,South,Retail Store,4,698.16,0.0,2792.64,1650.54,1142.1
ORD-10967,2025-01-15,CUST-0028,Customer 0028,Home Office,Electronics,Smartwatch,South,Online,2,184.41,0.2,295.06,211.53,83.53
ORD-10968,2024-05-24,CUST-0041,Customer 0041,Corporate,Furniture,Bookshelf,South,Online,4,102.45,0.0,409.8,344.59,65.21
ORD-10969,2025-06-24,CUST-0154,Customer 0154,Home Office,Fashion,Jeans,North,Retail Store,8,58.67,0.1,422.42,297.97,124.45
ORD-10970,2024-03-02,CUST-0329,Customer 0329,Consumer,Electronics,Smartphone,West,Retail Store,1,537.67,0.15,457.02,331.87,125.15
ORD-10971,2025-08-08,CUST-0257,Customer 0257,Corporate,Fashion,Jacket,North,Marketplace,5,82.64,0.2,330.56,289.57,40.99
ORD-10972,2024-08-04,CUST-0206,Customer 0206,Home Office,Fashion,Jeans,North,Marketplace,1,53.22,0.0,53.22,44.59,8.63
ORD-10973,2024-11-16,CUST-0335,Customer 0335,Home Office,Fashion,Sneakers,West,Online,7,98.94,0.1,623.32,518.08,105.24
ORD-10974,2024-04-16,CUST-0040,Customer 0040,Consumer,Office Supplies,Notebook,East,Online,6,13.0,0.15,66.3,44.25,22.05
ORD-10975,2024-03-07,CUST-0109,Customer 0109,Consumer,Home & Kitchen,Blender,South,Retail Store,1,67.97,0.05,64.57,40.07,24.5
ORD-10976,2025-07-31,CUST-0248,Customer 0248,Consumer,Electronics,Laptop,East,Retail Store,1,708.28,0.0,708.28,623.45,84.83
ORD-10977,2024-11-18,CUST-0201,Customer 0201,Corporate,Fashion,Jeans,North,Marketplace,6,58.34,0.0,350.04,204.45,145.59
ORD-10978,2025-08-24,CUST-0196,Customer 0196,Consumer,Furniture,Office Chair,South,Marketplace,8,166.6,0.15,1132.88,637.92,494.96
ORD-10979,2025-10-02,CUST-0048,Customer 0048,Home Office,Fashion,T-Shirt,South,Marketplace,4,27.31,0.0,109.24,85.1,24.14
ORD-10980,2025-04-03,CUST-0068,Customer 0068,Corporate,Home & Kitchen,Lamp,North,Marketplace,6,43.11,0.05,245.73,208.77,36.96
ORD-10981,2024-08-01,CUST-0313,Customer 0313,Consumer,Fashion,Jeans,North,Online,2,56.1,0.0,112.2,100.76,11.44
ORD-10982,2025-05-25,CUST-0049,Customer 0049,Consumer,Office Supplies,Notebook,East,Marketplace,8,10.81,0.05,82.16,53.69,28.47
ORD-10983,2024-04-01,CUST-0037,Customer 0037,Corporate,Office Supplies,Pen Set,East,Retail Store,3,19.47,0.2,46.73,29.92,16.81
ORD-10984,2025-08-05,CUST-0250,Customer 0250,Home Office,Furniture,Office Chair,South,Retail Store,1,166.16,0.05,157.85,108.97,48.88
ORD-10985,2025-01-17,CUST-0043,Customer 0043,Home Office,Office Supplies,Pen Set,North,Marketplace,7,17.73,0.15,105.49,90.41,15.08
ORD-10986,2025-12-17,CUST-0288,Customer 0288,Consumer,Electronics,Smartphone,West,Online,1,552.96,0.0,552.96,360.38,192.58
ORD-10987,2025-04-18,CUST-0343,Customer 0343,Corporate,Furniture,Sofa,North,Online,2,643.35,0.05,1222.37,947.18,275.19
ORD-10988,2025-02-10,CUST-0222,Customer 0222,Home Office,Furniture,Office Chair,West,Online,4,142.29,0.1,512.24,338.62,173.62
ORD-10989,2024-10-12,CUST-0233,Customer 0233,Home Office,Fashion,T-Shirt,South,Retail Store,1,22.42,0.15,19.06,13.62,5.44
ORD-10990,2025-09-07,CUST-0195,Customer 0195,Consumer,Home & Kitchen,Blender,North,Online,1,81.52,0.05,77.44,69.11,8.33
ORD-10991,2024-10-03,CUST-0130,Customer 0130,Consumer,Electronics,Smartwatch,East,Marketplace,3,160.65,0.0,481.95,311.28,170.67
ORD-10992,2025-06-21,CUST-0110,Customer 0110,Corporate,Fashion,Sneakers,East,Retail Store,5,120.91,0.0,604.55,352.06,252.49
ORD-10993,2024-12-23,CUST-0215,Customer 0215,Home Office,Furniture,Desk,West,Retail Store,8,222.34,0.1,1600.85,1319.66,281.19
ORD-10994,2024-01-11,CUST-0288,Customer 0288,Consumer,Home & Kitchen,Vacuum Cleaner,East,Marketplace,4,224.03,0.0,896.12,674.3,221.82
ORD-10995,2024-06-03,CUST-0235,Customer 0235,Home Office,Office Supplies,Notebook,West,Retail Store,3,13.31,0.1,35.94,21.2,14.74
ORD-10996,2025-04-06,CUST-0065,Customer 0065,Consumer,Home & Kitchen,Blender,South,Retail Store,8,85.56,0.2,547.58,319.84,227.74
ORD-10997,2025-09-07,CUST-0194,Customer 0194,Home Office,Home & Kitchen,Cookware Set,North,Retail Store,4,127.81,0.05,485.68,299.62,186.06
ORD-10998,2024-11-05,CUST-0158,Customer 0158,Corporate,Office Supplies,Notebook,West,Retail Store,2,12.0,0.2,19.2,17.27,1.93
ORD-10999,2025-06-19,CUST-0172,Customer 0172,Home Office,Office Supplies,Paper Pack,South,Marketplace,2,24.69,0.0,49.38,33.61,15.77
ORD-11000,2024-10-18,CUST-0338,Customer 0338,Consumer,Fashion,Sneakers,North,Online,7,102.85,0.2,575.96,441.84,134.12
ORD-11001,2025-09-23,CUST-0211,Customer 0211,Home Office,Electronics,Laptop,North,Marketplace,2,806.24,0.1,1451.23,1115.04,336.19
ORD-11002,2025-11-14,CUST-0149,Customer 0149,Corporate,Fashion,T-Shirt,North,Online,7,22.92,0.0,160.44,113.77,46.67
ORD-11003,2024-12-25,CUST-0238,Customer 0238,Consumer,Fashion,T-Shirt,East,Online,7,26.53,0.2,148.57,120.25,28.32
ORD-11004,2024-10-01,CUST-0338,Customer 0338,Corporate,Home & Kitchen,Lamp,South,Online,5,49.57,0.05,235.46,195.03,40.43
ORD-11005,2024-01-16,CUST-0014,Customer 0014,Home Office,Fashion,T-Shirt,East,Retail Store,3,27.56,0.05,78.55,57.47,21.08
ORD-11006,2024-09-04,CUST-0285,Customer 0285,Consumer,Furniture,Sofa,West,Online,7,672.67,0.0,4708.69,3237.98,1470.71
ORD-11007,2025-02-16,CUST-0163,Customer 0163,Consumer,Fashion,Jeans,North,Marketplace,3,50.56,0.1,136.51,109.0,27.51
ORD-11008,2025-10-04,CUST-0134,Customer 0134,Corporate,Home & Kitchen,Vacuum Cleaner,North,Marketplace,3,191.34,0.05,545.32,317.73,227.59
ORD-11009,2024-01-29,CUST-0317,Customer 0317,Consumer,Home & Kitchen,Cookware Set,West,Marketplace,2,135.06,0.15,229.6,185.93,43.67
ORD-11010,2024-09-02,CUST-0335,Customer 0335,Home Office,Office Supplies,Printer,West,Retail Store,4,254.28,0.05,966.26,815.68,150.58
ORD-11011,2024-03-25,CUST-0074,Customer 0074,Consumer,Electronics,Headphones,West,Marketplace,1,91.64,0.2,73.31,62.56,10.75
ORD-11012,2024-05-25,CUST-0145,Customer 0145,Corporate,Electronics,Laptop,South,Retail Store,5,658.37,0.0,3291.85,2379.96,911.89
ORD-11013,2024-01-23,CUST-0212,Customer 0212,Home Office,Electronics,Smartwatch,West,Retail Store,2,204.8,0.1,368.64,212.6,156.04
ORD-11014,2024-06-13,CUST-0093,Customer 0093,Home Office,Office Supplies,Paper Pack,North,Online,5,28.03,0.0,140.15,109.44,30.71
ORD-11015,2025-05-10,CUST-0315,Customer 0315,Consumer,Office Supplies,Pen Set,South,Marketplace,1,18.12,0.0,18.12,11.58,6.54
ORD-11016,2025-06-14,CUST-0263,Customer 0263,Consumer,Electronics,Laptop,North,Retail Store,3,832.55,0.0,2497.65,1474.05,1023.6
ORD-11017,2024-03-26,CUST-0065,Customer 0065,Corporate,Furniture,Desk,East,Retail Store,5,218.78,0.05,1039.2,918.27,120.93
ORD-11018,2025-06-08,CUST-0205,Customer 0205,Home Office,Fashion,Sneakers,East,Retail Store,4,99.21,0.05,377.0,298.01,78.99
ORD-11019,2024-06-18,CUST-0106,Customer 0106,Home Office,Electronics,Headphones,East,Retail Store,8,89.19,0.1,642.17,448.43,193.74
ORD-11020,2025-09-13,CUST-0197,Customer 0197,Home Office,Home & Kitchen,Blender,North,Retail Store,7,76.51,0.0,535.57,364.66,170.91
ORD-11021,2025-06-07,CUST-0130,Customer 0130,Home Office,Furniture,Office Chair,East,Retail Store,7,154.67,0.05,1028.56,881.52,147.04
ORD-11022,2024-07-03,CUST-0166,Customer 0166,Home Office,Electronics,Laptop,East,Retail Store,7,717.99,0.0,5025.93,2892.04,2133.89
ORD-11023,2024-05-05,CUST-0005,Customer 0005,Corporate,Furniture,Bookshelf,East,Online,6,102.39,0.2,491.47,326.88,164.59
ORD-11024,2025-01-29,CUST-0146,Customer 0146,Home Office,Home & Kitchen,Blender,North,Marketplace,4,68.64,0.15,233.38,174.18,59.2
ORD-11025,2024-11-21,CUST-0164,Customer 0164,Consumer,Fashion,Sneakers,East,Retail Store,4,95.14,0.0,380.56,275.1,105.46
ORD-11026,2025-04-08,CUST-0088,Customer 0088,Corporate,Electronics,Laptop,North,Marketplace,6,723.64,0.15,3690.56,2774.36,916.2
ORD-11027,2025-04-17,CUST-0146,Customer 0146,Home Office,Home & Kitchen,Blender,North,Retail Store,3,64.58,0.1,174.37,128.46,45.91
ORD-11028,2025-04-26,CUST-0049,Customer 0049,Corporate,Electronics,Laptop,West,Online,7,705.22,0.2,3949.23,2610.51,1338.72
ORD-11029,2025-05-20,CUST-0314,Customer 0314,Corporate,Home & Kitchen,Lamp,North,Retail Store,1,42.28,0.1,38.05,34.03,4.02
ORD-11030,2024-01-30,CUST-0115,Customer 0115,Home Office,Home & Kitchen,Blender,West,Online,1,66.87,0.0,66.87,60.03,6.84
ORD-11031,2024-07-14,CUST-0189,Customer 0189,Consumer,Furniture,Office Chair,North,Online,1,166.56,0.2,133.25,85.4,47.85
ORD-11032,2024-09-27,CUST-0169,Customer 0169,Home Office,Office Supplies,Notebook,West,Online,7,12.72,0.05,84.59,73.91,10.68
ORD-11033,2024-05-31,CUST-0300,Customer 0300,Home Office,Furniture,Bookshelf,South,Marketplace,7,118.08,0.2,661.25,392.01,269.24
ORD-11034,2024-10-14,CUST-0165,Customer 0165,Home Office,Fashion,Sneakers,North,Retail Store,8,96.53,0.0,772.24,631.82,140.42
ORD-11035,2025-11-06,CUST-0332,Customer 0332,Consumer,Home & Kitchen,Cookware Set,South,Online,4,122.28,0.2,391.3,348.3,43.0
ORD-11036,2025-01-29,CUST-0097,Customer 0097,Home Office,Furniture,Sofa,East,Retail Store,8,618.89,0.0,4951.12,4133.68,817.44
ORD-11037,2025-05-31,CUST-0055,Customer 0055,Corporate,Fashion,Jeans,South,Retail Store,3,61.88,0.0,185.64,127.15,58.49
ORD-11038,2024-10-11,CUST-0217,Customer 0217,Home Office,Furniture,Office Chair,North,Online,3,141.32,0.2,339.17,289.8,49.37
ORD-11039,2024-04-22,CUST-0124,Customer 0124,Home Office,Fashion,T-Shirt,West,Retail Store,1,22.65,0.1,20.38,11.41,8.97
ORD-11040,2025-07-17,CUST-0044,Customer 0044,Corporate,Office Supplies,Notebook,East,Online,6,10.96,0.1,59.18,40.77,18.41
ORD-11041,2025-01-13,CUST-0051,Customer 0051,Consumer,Fashion,Jacket,East,Online,1,86.83,0.2,69.46,60.76,8.7
ORD-11042,2025-08-31,CUST-0142,Customer 0142,Home Office,Fashion,Jeans,South,Online,8,53.9,0.15,366.52,288.97,77.55
ORD-11043,2024-02-24,CUST-0019,Customer 0019,Consumer,Furniture,Office Chair,West,Retail Store,5,130.46,0.0,652.3,381.83,270.47
ORD-11044,2024-08-13,CUST-0138,Customer 0138,Home Office,Fashion,T-Shirt,East,Marketplace,8,22.53,0.0,180.24,111.97,68.27
ORD-11045,2024-01-04,CUST-0049,Customer 0049,Home Office,Home & Kitchen,Lamp,East,Marketplace,3,50.51,0.15,128.8,98.89,29.91
ORD-11046,2024-11-18,CUST-0349,Customer 0349,Consumer,Furniture,Desk,North,Marketplace,2,199.36,0.0,398.72,344.87,53.85
ORD-11047,2024-12-08,CUST-0011,Customer 0011,Consumer,Fashion,Sneakers,East,Retail Store,3,122.58,0.05,349.35,213.02,136.33
ORD-11048,2025-05-15,CUST-0127,Customer 0127,Home Office,Home & Kitchen,Blender,East,Online,8,64.77,0.0,518.16,288.14,230.02
ORD-11049,2024-05-30,CUST-0049,Customer 0049,Corporate,Home & Kitchen,Cookware Set,East,Marketplace,2,152.76,0.05,290.24,193.73,96.51
ORD-11050,2024-09-16,CUST-0187,Customer 0187,Corporate,Office Supplies,Paper Pack,West,Online,8,27.46,0.0,219.68,143.98,75.7
ORD-11051,2024-05-31,CUST-0211,Customer 0211,Consumer,Office Supplies,Notebook,South,Marketplace,4,13.78,0.2,44.1,29.77,14.33
ORD-11052,2024-07-30,CUST-0046,Customer 0046,Home Office,Fashion,Jacket,West,Marketplace,4,93.75,0.1,337.5,299.67,37.83
ORD-11053,2025-11-26,CUST-0179,Customer 0179,Corporate,Furniture,Bookshelf,East,Online,6,123.21,0.1,665.33,586.05,79.28
ORD-11054,2025-09-19,CUST-0063,Customer 0063,Corporate,Electronics,Headphones,East,Online,7,81.6,0.1,514.08,425.34,88.74
ORD-11055,2025-12-02,CUST-0076,Customer 0076,Home Office,Electronics,Smartwatch,South,Retail Store,8,161.11,0.2,1031.1,915.96,115.14
ORD-11056,2024-03-07,CUST-0151,Customer 0151,Home Office,Fashion,Jacket,North,Online,1,77.61,0.1,69.85,45.34,24.51
ORD-11057,2024-01-06,CUST-0221,Customer 0221,Consumer,Fashion,Jacket,East,Retail Store,6,99.02,0.2,475.3,269.72,205.58
ORD-11058,2024-03-29,CUST-0139,Customer 0139,Consumer,Home & Kitchen,Cookware Set,East,Online,3,127.26,0.2,305.42,230.54,74.88
ORD-11059,2024-12-29,CUST-0128,Customer 0128,Corporate,Electronics,Smartwatch,East,Marketplace,7,174.55,0.1,1099.67,952.82,146.85
ORD-11060,2025-07-31,CUST-0224,Customer 0224,Corporate,Office Supplies,Printer,South,Retail Store,6,249.69,0.15,1273.42,1042.52,230.9
ORD-11061,2024-11-04,CUST-0157,Customer 0157,Home Office,Home & Kitchen,Cookware Set,South,Retail Store,2,142.8,0.05,271.32,208.89,62.43
ORD-11062,2024-05-21,CUST-0270,Customer 0270,Home Office,Fashion,T-Shirt,East,Retail Store,8,23.6,0.2,151.04,132.49,18.55
ORD-11063,2025-04-22,CUST-0216,Customer 0216,Corporate,Office Supplies,Paper Pack,North,Online,7,21.46,0.1,135.2,100.81,34.39
ORD-11064,2024-09-05,CUST-0298,Customer 0298,Corporate,Home & Kitchen,Lamp,North,Retail Store,6,46.63,0.0,279.78,242.0,37.78
ORD-11065,2025-11-17,CUST-0004,Customer 0004,Consumer,Furniture,Sofa,East,Marketplace,8,642.24,0.15,4367.23,2485.05,1882.18
ORD-11066,2025-08-31,CUST-0050,Customer 0050,Consumer,Electronics,Headphones,North,Marketplace,5,79.56,0.15,338.13,225.18,112.95
ORD-11067,2025-12-19,CUST-0105,Customer 0105,Consumer,Home & Kitchen,Blender,South,Retail Store,3,80.41,0.15,205.05,148.32,56.73
ORD-11068,2025-05-11,CUST-0320,Customer 0320,Consumer,Office Supplies,Notebook,North,Online,4,10.44,0.0,41.76,25.2,16.56
ORD-11069,2025-04-30,CUST-0013,Customer 0013,Corporate,Furniture,Office Chair,West,Online,8,130.0,0.1,936.0,554.71,381.29
ORD-11070,2025-09-19,CUST-0349,Customer 0349,Home Office,Furniture,Bookshelf,North,Online,8,124.22,0.2,795.01,557.56,237.45
ORD-11071,2024-06-23,CUST-0262,Customer 0262,Consumer,Furniture,Desk,West,Retail Store,4,218.71,0.1,787.36,512.81,274.55
ORD-11072,2025-01-30,CUST-0055,Customer 0055,Corporate,Office Supplies,Paper Pack,West,Online,8,27.35,0.1,196.92,118.52,78.4
ORD-11073,2024-01-12,CUST-0298,Customer 0298,Home Office,Home & Kitchen,Vacuum Cleaner,West,Online,5,219.14,0.0,1095.7,945.18,150.52
ORD-11074,2025-04-24,CUST-0235,Customer 0235,Home Office,Office Supplies,Printer,South,Retail Store,5,320.47,0.0,1602.35,1081.93,520.42
ORD-11075,2025-06-09,CUST-0033,Customer 0033,Home Office,Home & Kitchen,Vacuum Cleaner,East,Retail Store,3,188.04,0.2,451.3,351.82,99.48
ORD-11076,2025-11-05,CUST-0156,Customer 0156,Corporate,Furniture,Bookshelf,West,Marketplace,7,134.98,0.0,944.86,733.02,211.84
ORD-11077,2024-05-12,CUST-0166,Customer 0166,Consumer,Furniture,Bookshelf,North,Marketplace,6,124.23,0.15,633.57,438.0,195.57
ORD-11078,2024-04-08,CUST-0341,Customer 0341,Consumer,Furniture,Desk,South,Online,2,248.66,0.1,447.59,320.81,126.78
ORD-11079,2025-03-06,CUST-0033,Customer 0033,Home Office,Furniture,Sofa,North,Retail Store,1,601.34,0.15,511.14,287.82,223.32
ORD-11080,2024-06-27,CUST-0165,Customer 0165,Home Office,Office Supplies,Notebook,South,Online,2,11.82,0.2,18.91,11.28,7.63
ORD-11081,2025-03-24,CUST-0348,Customer 0348,Home Office,Office Supplies,Paper Pack,South,Online,5,22.76,0.0,113.8,69.05,44.75
ORD-11082,2025-10-06,CUST-0343,Customer 0343,Consumer,Home & Kitchen,Blender,East,Retail Store,2,64.5,0.0,129.0,77.3,51.7
ORD-11083,2024-12-14,CUST-0095,Customer 0095,Corporate,Home & Kitchen,Blender,East,Retail Store,8,82.48,0.0,659.84,494.64,165.2
ORD-11084,2024-03-09,CUST-0225,Customer 0225,Consumer,Home & Kitchen,Cookware Set,South,Marketplace,7,134.8,0.2,754.88,433.91,320.97
ORD-11085,2024-04-30,CUST-0256,Customer 0256,Consumer,Office Supplies,Notebook,East,Retail Store,4,12.37,0.0,49.48,32.94,16.54
ORD-11086,2024-03-10,CUST-0081,Customer 0081,Home Office,Fashion,Jacket,East,Retail Store,5,90.93,0.0,454.65,288.47,166.18
ORD-11087,2025-07-13,CUST-0057,Customer 0057,Corporate,Home & Kitchen,Blender,East,Online,8,78.45,0.05,596.22,334.66,261.56
ORD-11088,2024-05-22,CUST-0105,Customer 0105,Corporate,Office Supplies,Notebook,North,Marketplace,6,13.48,0.2,64.7,37.0,27.7
ORD-11089,2024-12-20,CUST-0037,Customer 0037,Home Office,Home & Kitchen,Blender,West,Online,7,80.38,0.15,478.26,418.61,59.65
ORD-11090,2024-04-16,CUST-0019,Customer 0019,Corporate,Office Supplies,Notebook,East,Online,8,11.01,0.15,74.87,50.36,24.51
ORD-11091,2024-01-27,CUST-0101,Customer 0101,Corporate,Electronics,Laptop,North,Retail Store,7,791.31,0.2,4431.34,2465.3,1966.04
ORD-11092,2025-03-16,CUST-0219,Customer 0219,Corporate,Fashion,Jeans,East,Online,3,53.98,0.0,161.94,139.92,22.02
ORD-11093,2024-02-29,CUST-0122,Customer 0122,Home Office,Office Supplies,Paper Pack,North,Online,4,25.66,0.0,102.64,64.61,38.03
ORD-11094,2024-03-19,CUST-0030,Customer 0030,Corporate,Furniture,Office Chair,South,Retail Store,3,135.63,0.1,366.2,207.01,159.19
ORD-11095,2025-05-05,CUST-0337,Customer 0337,Home Office,Furniture,Sofa,South,Retail Store,2,567.48,0.2,907.97,578.89,329.08
ORD-11096,2025-03-30,CUST-0155,Customer 0155,Home Office,Office Supplies,Printer,East,Retail Store,6,262.59,0.15,1339.21,1042.94,296.27
ORD-11097,2024-02-25,CUST-0178,Customer 0178,Consumer,Home & Kitchen,Blender,South,Online,7,85.14,0.2,476.78,343.36,133.42
ORD-11098,2024-11-08,CUST-0284,Customer 0284,Consumer,Home & Kitchen,Cookware Set,North,Online,4,134.64,0.0,538.56,450.09,88.47
ORD-11099,2024-04-26,CUST-0011,Customer 0011,Corporate,Fashion,Sneakers,North,Online,8,102.42,0.0,819.36,619.34,200.02
ORD-11100,2025-05-22,CUST-0010,Customer 0010,Corporate,Office Supplies,Paper Pack,South,Marketplace,7,24.58,0.1,154.85,97.33,57.52
ORD-11101,2025-11-07,CUST-0157,Customer 0157,Home Office,Fashion,T-Shirt,East,Retail Store,1,26.97,0.15,22.92,20.12,2.8
ORD-11102,2024-01-29,CUST-0175,Customer 0175,Consumer,Home & Kitchen,Cookware Set,North,Marketplace,7,151.87,0.1,956.78,837.18,119.6
ORD-11103,2025-07-01,CUST-0238,Customer 0238,Corporate,Fashion,Jacket,South,Retail Store,7,95.92,0.15,570.72,467.51,103.21
ORD-11104,2024-05-15,CUST-0008,Customer 0008,Consumer,Fashion,Jeans,East,Retail Store,5,62.44,0.2,249.76,144.85,104.91
ORD-11105,2024-02-09,CUST-0316,Customer 0316,Home Office,Home & Kitchen,Vacuum Cleaner,North,Online,5,195.43,0.05,928.29,591.95,336.34
ORD-11106,2024-09-27,CUST-0092,Customer 0092,Consumer,Office Supplies,Pen Set,East,Retail Store,8,15.39,0.1,110.81,61.29,49.52
ORD-11107,2025-02-22,CUST-0030,Customer 0030,Consumer,Home & Kitchen,Cookware Set,West,Online,2,156.68,0.05,297.69,221.19,76.5
ORD-11108,2024-09-22,CUST-0254,Customer 0254,Home Office,Office Supplies,Pen Set,North,Online,3,18.7,0.0,56.1,33.74,22.36
ORD-11109,2024-07-07,CUST-0260,Customer 0260,Consumer,Electronics,Laptop,North,Marketplace,8,708.9,0.15,4820.52,3584.99,1235.53
ORD-11110,2024-01-17,CUST-0348,Customer 0348,Corporate,Office Supplies,Pen Set,North,Online,6,19.18,0.15,97.82,74.36,23.46
ORD-11111,2024-04-25,CUST-0262,Customer 0262,Home Office,Home & Kitchen,Vacuum Cleaner,West,Online,2,191.35,0.0,382.7,286.88,95.82
ORD-11112,2024-05-26,CUST-0013,Customer 0013,Corporate,Fashion,Jacket,East,Retail Store,6,97.78,0.15,498.68,332.74,165.94
ORD-11113,2024-06-13,CUST-0189,Customer 0189,Consumer,Office Supplies,Notebook,North,Marketplace,1,13.55,0.05,12.87,11.19,1.68
ORD-11114,2025-06-07,CUST-0261,Customer 0261,Home Office,Furniture,Bookshelf,South,Retail Store,6,115.64,0.0,693.84,523.11,170.73
ORD-11115,2024-08-17,CUST-0290,Customer 0290,Home Office,Electronics,Laptop,North,Marketplace,7,802.44,0.15,4774.52,4042.39,732.13
ORD-11116,2024-11-20,CUST-0138,Customer 0138,Consumer,Fashion,Sneakers,East,Online,4,103.17,0.15,350.78,222.89,127.89
ORD-11117,2024-04-28,CUST-0124,Customer 0124,Consumer,Fashion,Jacket,East,Marketplace,8,102.36,0.2,655.1,454.29,200.81
ORD-11118,2025-01-05,CUST-0335,Customer 0335,Consumer,Home & Kitchen,Blender,South,Marketplace,8,68.93,0.15,468.72,386.79,81.93
ORD-11119,2025-11-21,CUST-0300,Customer 0300,Corporate,Furniture,Sofa,North,Online,3,603.25,0.15,1538.29,1000.52,537.77
ORD-11120,2025-06-01,CUST-0076,Customer 0076,Consumer,Fashion,Sneakers,West,Online,8,122.59,0.2,784.58,485.92,298.66
ORD-11121,2025-03-04,CUST-0135,Customer 0135,Corporate,Furniture,Office Chair,North,Marketplace,8,132.04,0.2,845.06,721.94,123.12
ORD-11122,2024-05-15,CUST-0264,Customer 0264,Home Office,Furniture,Office Chair,South,Marketplace,7,143.45,0.1,903.73,624.31,279.42
ORD-11123,2024-12-10,CUST-0173,Customer 0173,Corporate,Office Supplies,Notebook,West,Retail Store,2,10.36,0.2,16.58,13.41,3.17
ORD-11124,2024-10-23,CUST-0245,Customer 0245,Home Office,Fashion,Sneakers,North,Online,3,99.55,0.2,238.92,195.46,43.46
ORD-11125,2025-11-21,CUST-0333,Customer 0333,Home Office,Electronics,Headphones,East,Online,8,75.69,0.1,544.97,333.44,211.53
ORD-11126,2025-05-20,CUST-0175,Customer 0175,Home Office,Furniture,Bookshelf,West,Retail Store,1,120.64,0.15,102.54,75.25,27.29
ORD-11127,2024-11-22,CUST-0092,Customer 0092,Home Office,Office Supplies,Paper Pack,South,Retail Store,3,27.35,0.0,82.05,66.22,15.83
ORD-11128,2025-08-11,CUST-0316,Customer 0316,Corporate,Home & Kitchen,Lamp,East,Retail Store,6,42.94,0.0,257.64,156.63,101.01
ORD-11129,2024-06-22,CUST-0148,Customer 0148,Home Office,Fashion,Jeans,East,Online,5,59.18,0.15,251.51,219.71,31.8
ORD-11130,2025-07-19,CUST-0261,Customer 0261,Home Office,Electronics,Smartphone,South,Online,3,514.76,0.0,1544.28,870.84,673.44
ORD-11131,2025-01-13,CUST-0105,Customer 0105,Consumer,Fashion,T-Shirt,West,Retail Store,5,24.45,0.15,103.91,73.33,30.58
ORD-11132,2025-03-31,CUST-0222,Customer 0222,Corporate,Electronics,Laptop,North,Retail Store,8,657.04,0.05,4993.5,2985.55,2007.95
ORD-11133,2024-03-17,CUST-0168,Customer 0168,Home Office,Electronics,Smartphone,North,Marketplace,3,475.3,0.15,1212.02,858.97,353.05
ORD-11134,2025-03-19,CUST-0052,Customer 0052,Home Office,Office Supplies,Notebook,North,Marketplace,6,13.23,0.0,79.38,62.03,17.35
ORD-11135,2024-05-20,CUST-0301,Customer 0301,Consumer,Electronics,Smartphone,West,Online,7,526.0,0.0,3682.0,2366.97,1315.03
ORD-11136,2024-05-14,CUST-0102,Customer 0102,Consumer,Fashion,Jacket,West,Online,2,99.64,0.15,169.39,137.6,31.79
ORD-11137,2025-12-28,CUST-0092,Customer 0092,Home Office,Fashion,Jeans,South,Marketplace,1,58.1,0.1,52.29,39.99,12.3
ORD-11138,2025-06-27,CUST-0337,Customer 0337,Home Office,Office Supplies,Paper Pack,West,Retail Store,3,27.56,0.05,78.55,67.26,11.29
ORD-11139,2025-07-10,CUST-0247,Customer 0247,Corporate,Fashion,Jacket,West,Retail Store,5,82.41,0.0,412.05,365.5,46.55
ORD-11140,2025-11-09,CUST-0218,Customer 0218,Consumer,Office Supplies,Printer,East,Marketplace,2,277.04,0.0,554.08,366.59,187.49
ORD-11141,2025-05-10,CUST-0251,Customer 0251,Home Office,Fashion,Jeans,South,Retail Store,7,50.63,0.2,283.53,184.81,98.72
ORD-11142,2024-09-24,CUST-0346,Customer 0346,Corporate,Electronics,Headphones,East,Online,6,77.39,0.1,417.91,294.49,123.42
ORD-11143,2024-08-12,CUST-0174,Customer 0174,Consumer,Office Supplies,Paper Pack,South,Marketplace,1,24.61,0.05,23.38,14.67,8.71
ORD-11144,2024-05-12,CUST-0310,Customer 0310,Home Office,Electronics,Headphones,East,Retail Store,1,68.51,0.2,54.81,37.42,17.39
ORD-11145,2025-11-01,CUST-0026,Customer 0026,Home Office,Home & Kitchen,Blender,West,Marketplace,4,75.8,0.05,288.04,257.75,30.29
ORD-11146,2024-06-14,CUST-0192,Customer 0192,Consumer,Furniture,Bookshelf,North,Online,6,109.76,0.1,592.7,478.11,114.59
ORD-11147,2025-05-28,CUST-0204,Customer 0204,Consumer,Home & Kitchen,Blender,South,Online,8,67.28,0.0,538.24,352.82,185.42
ORD-11148,2025-01-21,CUST-0336,Customer 0336,Consumer,Office Supplies,Notebook,North,Online,7,13.15,0.0,92.05,78.87,13.18
ORD-11149,2024-01-21,CUST-0008,Customer 0008,Consumer,Home & Kitchen,Vacuum Cleaner,East,Retail Store,3,224.86,0.0,674.58,558.16,116.42
ORD-11150,2024-11-05,CUST-0141,Customer 0141,Home Office,Fashion,T-Shirt,West,Retail Store,8,22.0,0.0,176.0,156.51,19.49
ORD-11151,2024-04-05,CUST-0114,Customer 0114,Home Office,Office Supplies,Paper Pack,South,Retail Store,7,23.34,0.15,138.87,90.2,48.67
ORD-11152,2025-02-07,CUST-0191,Customer 0191,Corporate,Electronics,Smartwatch,South,Retail Store,2,165.1,0.1,297.18,264.88,32.3
ORD-11153,2025-07-30,CUST-0056,Customer 0056,Consumer,Office Supplies,Paper Pack,North,Marketplace,5,22.33,0.05,106.07,81.72,24.35
ORD-11154,2025-05-16,CUST-0304,Customer 0304,Corporate,Furniture,Desk,South,Online,4,196.33,0.0,785.32,601.38,183.94
ORD-11155,2025-02-25,CUST-0160,Customer 0160,Home Office,Fashion,Jacket,West,Online,6,77.49,0.0,464.94,367.84,97.1
ORD-11156,2025-07-29,CUST-0251,Customer 0251,Corporate,Office Supplies,Printer,West,Marketplace,8,318.6,0.05,2421.36,1531.53,889.83
ORD-11157,2024-04-17,CUST-0218,Customer 0218,Home Office,Home & Kitchen,Blender,North,Online,2,66.61,0.1,119.9,66.52,53.38
ORD-11158,2024-04-26,CUST-0020,Customer 0020,Corporate,Furniture,Sofa,South,Marketplace,7,585.79,0.1,3690.48,3067.17,623.31
ORD-11159,2025-02-12,CUST-0005,Customer 0005,Home Office,Home & Kitchen,Vacuum Cleaner,East,Marketplace,5,205.94,0.0,1029.7,672.37,357.33
ORD-11160,2025-07-31,CUST-0333,Customer 0333,Home Office,Office Supplies,Pen Set,East,Marketplace,3,16.87,0.0,50.61,39.97,10.64
ORD-11161,2025-04-28,CUST-0237,Customer 0237,Consumer,Home & Kitchen,Lamp,South,Marketplace,4,50.77,0.05,192.93,154.74,38.19
ORD-11162,2024-11-21,CUST-0214,Customer 0214,Consumer,Fashion,T-Shirt,East,Marketplace,3,24.78,0.0,74.34,66.73,7.61
ORD-11163,2025-12-11,CUST-0049,Customer 0049,Home Office,Furniture,Desk,South,Online,8,193.25,0.05,1468.7,1129.05,339.65
ORD-11164,2024-12-19,CUST-0322,Customer 0322,Corporate,Office Supplies,Printer,East,Retail Store,1,261.06,0.0,261.06,218.58,42.48
ORD-11165,2024-09-17,CUST-0288,Customer 0288,Consumer,Home & Kitchen,Vacuum Cleaner,East,Online,4,215.84,0.0,863.36,505.96,357.4
ORD-11166,2024-05-09,CUST-0268,Customer 0268,Home Office,Office Supplies,Notebook,East,Marketplace,7,12.27,0.05,81.6,69.25,12.35
ORD-11167,2024-08-02,CUST-0087,Customer 0087,Home Office,Home & Kitchen,Vacuum Cleaner,South,Online,1,240.81,0.0,240.81,140.14,100.67
ORD-11168,2024-01-01,CUST-0166,Customer 0166,Corporate,Furniture,Sofa,West,Retail Store,2,579.21,0.0,1158.42,964.42,194.0
ORD-11169,2024-09-03,CUST-0287,Customer 0287,Corporate,Office Supplies,Notebook,East,Marketplace,7,12.99,0.1,81.84,65.24,16.6
ORD-11170,2025-09-11,CUST-0110,Customer 0110,Corporate,Office Supplies,Notebook,West,Retail Store,3,13.2,0.2,31.68,25.31,6.37
ORD-11171,2025-07-25,CUST-0223,Customer 0223,Corporate,Office Supplies,Notebook,East,Marketplace,6,10.29,0.0,61.74,41.86,19.88
ORD-11172,2025-09-23,CUST-0287,Customer 0287,Consumer,Fashion,Jeans,South,Retail Store,4,52.92,0.1,190.51,167.0,23.51
ORD-11173,2024-01-06,CUST-0301,Customer 0301,Corporate,Office Supplies,Printer,North,Marketplace,5,245.91,0.05,1168.07,793.24,374.83
ORD-11174,2025-10-24,CUST-0141,Customer 0141,Corporate,Office Supplies,Notebook,East,Marketplace,8,10.36,0.1,74.59,59.18,15.41
ORD-11175,2025-04-27,CUST-0312,Customer 0312,Home Office,Electronics,Laptop,North,Online,8,676.6,0.1,4871.52,3958.0,913.52
ORD-11176,2025-09-19,CUST-0079,Customer 0079,Consumer,Office Supplies,Notebook,North,Retail Store,3,10.5,0.0,31.5,26.52,4.98
ORD-11177,2024-04-09,CUST-0279,Customer 0279,Corporate,Electronics,Headphones,East,Marketplace,5,83.72,0.0,418.6,338.27,80.33
ORD-11178,2025-06-12,CUST-0008,Customer 0008,Consumer,Furniture,Bookshelf,South,Marketplace,7,132.16,0.1,832.61,653.08,179.53
ORD-11179,2024-03-26,CUST-0089,Customer 0089,Home Office,Furniture,Bookshelf,West,Online,8,111.92,0.0,895.36,554.71,340.65
ORD-11180,2024-10-07,CUST-0288,Customer 0288,Home Office,Electronics,Headphones,North,Marketplace,6,76.19,0.0,457.14,342.33,114.81
ORD-11181,2024-04-29,CUST-0047,Customer 0047,Home Office,Fashion,T-Shirt,North,Online,3,21.9,0.2,52.56,34.75,17.81
ORD-11182,2025-10-15,CUST-0192,Customer 0192,Corporate,Electronics,Smartphone,South,Marketplace,8,556.58,0.0,4452.64,3918.92,533.72
ORD-11183,2024-02-24,CUST-0195,Customer 0195,Corporate,Furniture,Bookshelf,South,Online,5,112.04,0.0,560.2,418.9,141.3
ORD-11184,2024-06-30,CUST-0152,Customer 0152,Corporate,Office Supplies,Printer,East,Retail Store,5,274.93,0.2,1099.72,640.42,459.3
ORD-11185,2025-10-08,CUST-0088,Customer 0088,Consumer,Home & Kitchen,Vacuum Cleaner,West,Retail Store,1,202.8,0.15,172.38,127.27,45.11
ORD-11186,2024-12-16,CUST-0258,Customer 0258,Consumer,Office Supplies,Printer,West,Retail Store,5,281.11,0.0,1405.55,876.72,528.83
ORD-11187,2025-06-13,CUST-0338,Customer 0338,Corporate,Electronics,Laptop,West,Marketplace,3,668.96,0.1,1806.19,1364.37,441.82
ORD-11188,2024-11-26,CUST-0054,Customer 0054,Corporate,Home & Kitchen,Blender,North,Online,6,67.32,0.0,403.92,289.38,114.54
ORD-11189,2024-06-15,CUST-0240,Customer 0240,Home Office,Office Supplies,Pen Set,West,Marketplace,3,17.67,0.0,53.01,40.6,12.41
ORD-11190,2024-09-06,CUST-0130,Customer 0130,Corporate,Fashion,Sneakers,North,Online,6,104.65,0.15,533.72,420.3,113.42
ORD-11191,2025-03-07,CUST-0219,Customer 0219,Home Office,Home & Kitchen,Blender,South,Retail Store,5,72.77,0.15,309.27,173.19,136.08
ORD-11192,2025-08-04,CUST-0072,Customer 0072,Consumer,Home & Kitchen,Cookware Set,East,Online,3,132.99,0.2,319.18,282.78,36.4
ORD-11193,2025-02-09,CUST-0085,Customer 0085,Consumer,Office Supplies,Paper Pack,East,Retail Store,8,26.19,0.0,209.52,129.93,79.59
ORD-11194,2024-08-29,CUST-0105,Customer 0105,Home Office,Electronics,Smartphone,East,Online,7,533.62,0.0,3735.34,2255.95,1479.39
ORD-11195,2024-12-18,CUST-0052,Customer 0052,Corporate,Fashion,Jeans,West,Retail Store,8,58.08,0.15,394.94,313.81,81.13
ORD-11196,2025-01-31,CUST-0066,Customer 0066,Corporate,Furniture,Office Chair,West,Marketplace,6,145.49,0.0,872.94,580.06,292.88
ORD-11197,2024-12-21,CUST-0251,Customer 0251,Consumer,Fashion,T-Shirt,East,Retail Store,1,27.89,0.0,27.89,17.08,10.81
ORD-11198,2025-09-17,CUST-0307,Customer 0307,Consumer,Office Supplies,Notebook,North,Online,7,12.52,0.0,87.64,52.44,35.2
ORD-11199,2024-04-05,CUST-0174,Customer 0174,Corporate,Office Supplies,Paper Pack,West,Marketplace,7,22.6,0.2,126.56,76.29,50.27
ORD-11200,2024-09-24,CUST-0216,Customer 0216,Consumer,Fashion,T-Shirt,West,Online,3,24.24,0.0,72.72,53.16,19.56
ORD-11201,2025-11-02,CUST-0208,Customer 0208,Corporate,Office Supplies,Notebook,West,Online,1,11.35,0.0,11.35,8.53,2.82
ORD-11202,2025-03-08,CUST-0028,Customer 0028,Home Office,Fashion,Sneakers,West,Marketplace,5,102.04,0.1,459.18,354.46,104.72
ORD-11203,2025-12-30,CUST-0172,Customer 0172,Home Office,Office Supplies,Paper Pack,West,Marketplace,6,27.14,0.0,162.84,145.46,17.38
ORD-11204,2024-01-08,CUST-0173,Customer 0173,Corporate,Electronics,Smartphone,West,Online,5,502.23,0.0,2511.15,1921.24,589.91
ORD-11205,2024-02-10,CUST-0063,Customer 0063,Home Office,Fashion,Jacket,East,Retail Store,8,86.41,0.1,622.15,535.8,86.35
ORD-11206,2025-11-22,CUST-0152,Customer 0152,Corporate,Fashion,Jacket,North,Retail Store,1,83.72,0.15,71.16,46.44,24.72
ORD-11207,2025-10-13,CUST-0019,Customer 0019,Corporate,Office Supplies,Pen Set,South,Online,2,19.25,0.05,36.57,26.91,9.66
ORD-11208,2024-05-09,CUST-0075,Customer 0075,Corporate,Electronics,Laptop,South,Marketplace,8,838.36,0.1,6036.19,4049.59,1986.6
ORD-11209,2024-02-11,CUST-0040,Customer 0040,Home Office,Home & Kitchen,Vacuum Cleaner,North,Retail Store,6,180.91,0.05,1031.19,787.08,244.11
ORD-11210,2024-12-11,CUST-0327,Customer 0327,Home Office,Home & Kitchen,Blender,East,Marketplace,5,72.77,0.1,327.46,201.18,126.28
ORD-11211,2024-04-29,CUST-0099,Customer 0099,Consumer,Electronics,Smartwatch,North,Retail Store,5,186.24,0.05,884.64,653.49,231.15
ORD-11212,2024-08-08,CUST-0224,Customer 0224,Home Office,Home & Kitchen,Vacuum Cleaner,North,Marketplace,5,221.9,0.2,887.6,545.87,341.73
ORD-11213,2025-11-25,CUST-0146,Customer 0146,Corporate,Fashion,Jeans,South,Retail Store,5,53.47,0.0,267.35,148.79,118.56
ORD-11214,2025-09-05,CUST-0326,Customer 0326,Corporate,Office Supplies,Paper Pack,South,Online,6,22.91,0.0,137.46,76.47,60.99
ORD-11215,2025-12-30,CUST-0312,Customer 0312,Home Office,Home & Kitchen,Lamp,West,Retail Store,8,43.93,0.15,298.72,226.53,72.19
ORD-11216,2024-12-17,CUST-0175,Customer 0175,Home Office,Home & Kitchen,Blender,West,Online,6,82.26,0.05,468.88,282.79,186.09
ORD-11217,2025-11-20,CUST-0200,Customer 0200,Consumer,Home & Kitchen,Cookware Set,West,Marketplace,5,120.36,0.1,541.62,459.46,82.16
ORD-11218,2024-07-31,CUST-0272,Customer 0272,Home Office,Office Supplies,Notebook,West,Online,6,11.25,0.05,64.12,42.34,21.78
ORD-11219,2025-10-01,CUST-0181,Customer 0181,Corporate,Furniture,Desk,West,Online,7,252.72,0.1,1592.14,888.72,703.42
ORD-11220,2025-01-22,CUST-0311,Customer 0311,Consumer,Fashion,Jeans,East,Online,2,53.28,0.0,106.56,66.49,40.07
ORD-11221,2025-07-17,CUST-0210,Customer 0210,Corporate,Furniture,Sofa,East,Marketplace,6,634.05,0.0,3804.3,2890.27,914.03
ORD-11222,2025-05-29,CUST-0275,Customer 0275,Corporate,Electronics,Headphones,East,Retail Store,7,88.62,0.0,620.34,448.62,171.72
ORD-11223,2025-02-13,CUST-0148,Customer 0148,Home Office,Furniture,Desk,South,Marketplace,1,241.77,0.15,205.5,167.9,37.6
ORD-11224,2025-08-17,CUST-0335,Customer 0335,Home Office,Electronics,Smartwatch,South,Online,7,175.16,0.1,1103.51,852.73,250.78
ORD-11225,2025-09-05,CUST-0293,Customer 0293,Home Office,Home & Kitchen,Blender,West,Marketplace,7,71.06,0.0,497.42,317.09,180.33
ORD-11226,2024-01-24,CUST-0308,Customer 0308,Consumer,Electronics,Headphones,West,Retail Store,7,80.27,0.15,477.61,294.95,182.66
ORD-11227,2025-04-28,CUST-0103,Customer 0103,Consumer,Furniture,Desk,West,Retail Store,6,206.34,0.0,1238.04,1068.5,169.54
ORD-11228,2024-09-04,CUST-0091,Customer 0091,Corporate,Furniture,Sofa,South,Online,8,677.57,0.15,4607.48,3830.15,777.33
ORD-11229,2024-01-08,CUST-0017,Customer 0017,Consumer,Fashion,T-Shirt,West,Retail Store,7,28.72,0.15,170.88,145.55,25.33
ORD-11230,2025-09-13,CUST-0332,Customer 0332,Corporate,Home & Kitchen,Blender,West,Marketplace,1,74.57,0.1,67.11,53.96,13.15
ORD-11231,2025-02-13,CUST-0262,Customer 0262,Corporate,Electronics,Headphones,North,Marketplace,8,86.9,0.1,625.68,366.82,258.86
ORD-11232,2025-02-26,CUST-0337,Customer 0337,Consumer,Furniture,Bookshelf,East,Online,6,134.87,0.0,809.22,670.39,138.83
ORD-11233,2025-04-14,CUST-0252,Customer 0252,Corporate,Office Supplies,Notebook,West,Marketplace,4,11.43,0.05,43.43,34.36,9.07
ORD-11234,2025-08-31,CUST-0019,Customer 0019,Corporate,Office Supplies,Pen Set,East,Marketplace,3,18.12,0.0,54.36,30.39,23.97
ORD-11235,2024-06-11,CUST-0291,Customer 0291,Consumer,Office Supplies,Pen Set,South,Online,5,19.15,0.1,86.17,67.7,18.47
ORD-11236,2025-01-28,CUST-0132,Customer 0132,Consumer,Home & Kitchen,Lamp,North,Retail Store,4,49.74,0.0,198.96,150.04,48.92
ORD-11237,2025-05-03,CUST-0317,Customer 0317,Home Office,Office Supplies,Paper Pack,East,Marketplace,3,26.08,0.05,74.33,56.16,18.17
ORD-11238,2025-05-11,CUST-0332,Customer 0332,Corporate,Office Supplies,Paper Pack,North,Marketplace,3,24.87,0.15,63.42,45.62,17.8
ORD-11239,2024-08-18,CUST-0159,Customer 0159,Home Office,Electronics,Headphones,North,Marketplace,4,71.6,0.0,286.4,218.53,67.87
ORD-11240,2025-05-25,CUST-0236,Customer 0236,Home Office,Furniture,Bookshelf,South,Marketplace,1,132.45,0.2,105.96,87.32,18.64
ORD-11241,2025-11-11,CUST-0017,Customer 0017,Consumer,Furniture,Bookshelf,East,Marketplace,7,105.56,0.2,591.14,393.3,197.84
ORD-11242,2024-02-27,CUST-0229,Customer 0229,Home Office,Home & Kitchen,Blender,South,Online,4,69.51,0.0,278.04,224.88,53.16
ORD-11243,2024-02-11,CUST-0312,Customer 0312,Home Office,Fashion,Jeans,North,Online,5,51.33,0.15,218.15,176.72,41.43
ORD-11244,2024-03-03,CUST-0107,Customer 0107,Corporate,Home & Kitchen,Lamp,North,Marketplace,4,46.16,0.0,184.64,139.12,45.52
ORD-11245,2025-10-11,CUST-0038,Customer 0038,Consumer,Electronics,Headphones,North,Marketplace,4,70.79,0.1,254.84,147.6,107.24
ORD-11246,2025-09-04,CUST-0250,Customer 0250,Consumer,Home & Kitchen,Cookware Set,West,Marketplace,5,119.4,0.15,507.45,355.43,152.02
ORD-11247,2024-01-01,CUST-0129,Customer 0129,Corporate,Furniture,Sofa,West,Marketplace,7,605.29,0.15,3601.48,2776.36,825.12
ORD-11248,2024-09-27,CUST-0273,Customer 0273,Corporate,Office Supplies,Pen Set,West,Online,4,16.79,0.05,63.8,47.62,16.18
ORD-11249,2024-01-07,CUST-0164,Customer 0164,Corporate,Furniture,Sofa,East,Online,8,584.31,0.1,4207.03,2410.4,1796.63
ORD-11250,2025-10-15,CUST-0276,Customer 0276,Consumer,Fashion,Jacket,East,Marketplace,3,97.53,0.0,292.59,239.05,53.54
ORD-11251,2025-06-27,CUST-0242,Customer 0242,Home Office,Office Supplies,Pen Set,South,Retail Store,2,16.92,0.2,27.07,20.66,6.41
ORD-11252,2025-02-09,CUST-0088,Customer 0088,Home Office,Furniture,Desk,West,Marketplace,3,230.73,0.15,588.36,390.66,197.7
ORD-11253,2024-10-02,CUST-0118,Customer 0118,Corporate,Home & Kitchen,Vacuum Cleaner,South,Retail Store,5,237.36,0.1,1068.12,899.41,168.71
ORD-11254,2024-11-18,CUST-0231,Customer 0231,Consumer,Office Supplies,Pen Set,West,Online,5,18.34,0.1,82.53,67.42,15.11
ORD-11255,2025-10-23,CUST-0072,Customer 0072,Consumer,Fashion,Jacket,East,Retail Store,8,77.03,0.05,585.43,466.31,119.12
ORD-11256,2024-11-25,CUST-0219,Customer 0219,Consumer,Office Supplies,Notebook,West,Retail Store,7,12.21,0.05,81.2,65.66,15.54
ORD-11257,2024-09-05,CUST-0083,Customer 0083,Corporate,Electronics,Laptop,North,Marketplace,6,745.43,0.2,3578.06,2871.19,706.87
ORD-11258,2024-09-12,CUST-0144,Customer 0144,Corporate,Fashion,Sneakers,East,Retail Store,7,96.85,0.0,677.95,524.65,153.3
ORD-11259,2025-04-28,CUST-0069,Customer 0069,Consumer,Office Supplies,Notebook,South,Marketplace,2,13.72,0.05,26.07,21.02,5.05
ORD-11260,2025-07-29,CUST-0046,Customer 0046,Home Office,Office Supplies,Printer,East,Marketplace,8,265.54,0.0,2124.32,1574.77,549.55
ORD-11261,2025-12-07,CUST-0012,Customer 0012,Home Office,Home & Kitchen,Lamp,East,Retail Store,3,50.0,0.0,150.0,119.21,30.79
ORD-11262,2024-07-07,CUST-0165,Customer 0165,Home Office,Fashion,Jeans,East,Retail Store,8,54.35,0.0,434.8,289.82,144.98
ORD-11263,2024-05-23,CUST-0062,Customer 0062,Consumer,Home & Kitchen,Blender,North,Marketplace,7,72.67,0.1,457.82,329.73,128.09
ORD-11264,2025-08-02,CUST-0224,Customer 0224,Home Office,Office Supplies,Notebook,West,Retail Store,1,13.34,0.15,11.34,7.54,3.8
ORD-11265,2025-10-11,CUST-0035,Customer 0035,Consumer,Home & Kitchen,Lamp,South,Marketplace,2,39.49,0.15,67.13,50.04,17.09
ORD-11266,2025-09-16,CUST-0333,Customer 0333,Corporate,Electronics,Smartwatch,West,Retail Store,4,194.42,0.0,777.68,545.02,232.66
ORD-11267,2024-03-15,CUST-0094,Customer 0094,Corporate,Furniture,Bookshelf,North,Retail Store,6,121.0,0.1,653.4,517.76,135.64
ORD-11268,2024-01-07,CUST-0320,Customer 0320,Consumer,Home & Kitchen,Lamp,East,Online,7,38.37,0.0,268.59,178.03,90.56
ORD-11269,2025-06-29,CUST-0235,Customer 0235,Home Office,Home & Kitchen,Lamp,South,Online,4,50.74,0.15,172.52,148.82,23.7
ORD-11270,2024-11-11,CUST-0093,Customer 0093,Consumer,Furniture,Desk,South,Marketplace,2,222.21,0.0,444.42,391.34,53.08
ORD-11271,2024-12-01,CUST-0162,Customer 0162,Corporate,Office Supplies,Notebook,East,Online,4,10.95,0.2,35.04,22.99,12.05
ORD-11272,2024-01-28,CUST-0071,Customer 0071,Corporate,Furniture,Bookshelf,South,Retail Store,8,132.03,0.0,1056.24,719.61,336.63
ORD-11273,2025-03-25,CUST-0205,Customer 0205,Consumer,Electronics,Smartwatch,North,Online,4,194.63,0.0,778.52,589.01,189.51
ORD-11274,2024-06-15,CUST-0108,Customer 0108,Corporate,Home & Kitchen,Blender,West,Online,2,80.41,0.1,144.74,97.76,46.98
ORD-11275,2025-06-03,CUST-0185,Customer 0185,Consumer,Furniture,Office Chair,North,Retail Store,8,150.39,0.05,1142.96,1006.62,136.34
ORD-11276,2024-04-12,CUST-0182,Customer 0182,Home Office,Fashion,Sneakers,East,Online,6,121.11,0.05,690.33,484.58,205.75
ORD-11277,2025-04-27,CUST-0009,Customer 0009,Consumer,Electronics,Smartwatch,South,Online,5,187.96,0.2,751.84,498.58,253.26
ORD-11278,2024-05-11,CUST-0266,Customer 0266,Consumer,Home & Kitchen,Blender,South,Marketplace,3,79.39,0.0,238.17,194.54,43.63
ORD-11279,2025-09-24,CUST-0213,Customer 0213,Consumer,Office Supplies,Pen Set,South,Retail Store,3,16.23,0.1,43.82,38.46,5.36
ORD-11280,2024-01-31,CUST-0255,Customer 0255,Corporate,Electronics,Smartphone,East,Online,4,485.55,0.05,1845.09,1255.79,589.3
ORD-11281,2024-01-30,CUST-0241,Customer 0241,Consumer,Electronics,Headphones,West,Marketplace,1,88.93,0.2,71.14,61.87,9.27
ORD-11282,2024-06-10,CUST-0052,Customer 0052,Consumer,Home & Kitchen,Cookware Set,North,Retail Store,1,156.68,0.05,148.85,86.67,62.18
ORD-11283,2025-07-03,CUST-0226,Customer 0226,Corporate,Fashion,Sneakers,West,Retail Store,3,120.21,0.15,306.54,168.67,137.87
ORD-11284,2025-11-03,CUST-0277,Customer 0277,Corporate,Furniture,Bookshelf,South,Online,6,126.06,0.15,642.91,375.29,267.62
ORD-11285,2024-05-26,CUST-0116,Customer 0116,Home Office,Furniture,Desk,North,Online,2,193.26,0.2,309.22,213.78,95.44
ORD-11286,2024-07-08,CUST-0338,Customer 0338,Home Office,Furniture,Bookshelf,East,Online,5,127.58,0.05,606.0,431.32,174.68
ORD-11287,2025-01-18,CUST-0339,Customer 0339,Home Office,Office Supplies,Paper Pack,West,Marketplace,3,26.77,0.15,68.26,57.87,10.39
ORD-11288,2024-07-05,CUST-0008,Customer 0008,Consumer,Electronics,Smartphone,West,Retail Store,3,430.12,0.2,1032.29,854.91,177.38
ORD-11289,2025-05-10,CUST-0177,Customer 0177,Corporate,Electronics,Smartwatch,West,Online,4,199.95,0.2,639.84,569.31,70.53
ORD-11290,2025-07-12,CUST-0226,Customer 0226,Corporate,Fashion,Jacket,East,Online,2,84.04,0.2,134.46,110.12,24.34
ORD-11291,2025-05-14,CUST-0282,Customer 0282,Home Office,Office Supplies,Pen Set,East,Online,8,15.82,0.2,101.25,86.03,15.22
ORD-11292,2025-10-19,CUST-0014,Customer 0014,Consumer,Office Supplies,Paper Pack,North,Marketplace,3,22.95,0.0,68.85,48.89,19.96
ORD-11293,2024-12-21,CUST-0158,Customer 0158,Home Office,Office Supplies,Printer,South,Retail Store,8,284.48,0.1,2048.26,1800.1,248.16
ORD-11294,2024-05-25,CUST-0349,Customer 0349,Home Office,Home & Kitchen,Cookware Set,South,Marketplace,4,127.34,0.0,509.36,412.89,96.47
ORD-11295,2025-06-29,CUST-0186,Customer 0186,Corporate,Home & Kitchen,Blender,South,Online,4,85.06,0.2,272.19,200.28,71.91
ORD-11296,2024-06-04,CUST-0277,Customer 0277,Corporate,Furniture,Desk,East,Retail Store,7,205.38,0.0,1437.66,1273.29,164.37
ORD-11297,2025-05-02,CUST-0240,Customer 0240,Consumer,Home & Kitchen,Vacuum Cleaner,East,Marketplace,6,223.96,0.0,1343.76,880.16,463.6
ORD-11298,2024-08-01,CUST-0314,Customer 0314,Corporate,Home & Kitchen,Lamp,South,Online,2,48.44,0.0,96.88,58.04,38.84
ORD-11299,2025-10-23,CUST-0215,Customer 0215,Consumer,Fashion,Jeans,South,Retail Store,7,49.94,0.15,297.14,250.2,46.94
ORD-11300,2024-05-06,CUST-0300,Customer 0300,Corporate,Furniture,Sofa,North,Marketplace,3,638.96,0.0,1916.88,1505.29,411.59
ORD-11301,2025-06-20,CUST-0053,Customer 0053,Consumer,Electronics,Headphones,West,Online,8,83.85,0.0,670.8,439.1,231.7
ORD-11302,2024-10-05,CUST-0021,Customer 0021,Home Office,Electronics,Headphones,South,Marketplace,7,70.71,0.05,470.22,335.4,134.82
ORD-11303,2024-08-18,CUST-0268,Customer 0268,Home Office,Fashion,Jacket,East,Online,2,103.44,0.0,206.88,157.47,49.41
ORD-11304,2025-03-07,CUST-0030,Customer 0030,Corporate,Fashion,Sneakers,East,Retail Store,2,121.3,0.05,230.47,185.84,44.63
ORD-11305,2024-03-26,CUST-0007,Customer 0007,Corporate,Office Supplies,Pen Set,South,Marketplace,2,19.65,0.2,31.44,19.96,11.48
ORD-11306,2024-04-16,CUST-0250,Customer 0250,Corporate,Fashion,Jacket,North,Marketplace,7,90.51,0.15,538.53,470.59,67.94
ORD-11307,2025-08-12,CUST-0049,Customer 0049,Home Office,Electronics,Laptop,West,Retail Store,2,718.66,0.0,1437.32,1128.89,308.43
ORD-11308,2025-10-24,CUST-0226,Customer 0226,Corporate,Electronics,Headphones,West,Marketplace,8,88.72,0.15,603.3,339.69,263.61
ORD-11309,2025-08-03,CUST-0093,Customer 0093,Corporate,Electronics,Smartphone,North,Marketplace,1,566.89,0.2,453.51,265.11,188.4
ORD-11310,2025-01-02,CUST-0350,Customer 0350,Corporate,Fashion,Jacket,North,Retail Store,6,102.79,0.05,585.9,373.24,212.66
ORD-11311,2024-06-13,CUST-0108,Customer 0108,Consumer,Fashion,Jacket,West,Online,6,87.34,0.2,419.23,281.72,137.51
ORD-11312,2025-09-23,CUST-0276,Customer 0276,Home Office,Office Supplies,Pen Set,North,Marketplace,4,19.77,0.05,75.13,43.99,31.14
ORD-11313,2025-09-28,CUST-0255,Customer 0255,Corporate,Fashion,Jacket,East,Retail Store,3,81.96,0.1,221.29,188.01,33.28
ORD-11314,2024-06-12,CUST-0087,Customer 0087,Home Office,Fashion,Jacket,East,Marketplace,6,79.51,0.0,477.06,359.53,117.53
ORD-11315,2025-02-11,CUST-0317,Customer 0317,Home Office,Home & Kitchen,Cookware Set,West,Retail Store,2,122.92,0.0,245.84,196.45,49.39
ORD-11316,2025-06-29,CUST-0182,Customer 0182,Home Office,Furniture,Bookshelf,East,Marketplace,7,135.17,0.0,946.19,554.72,391.47
ORD-11317,2024-11-27,CUST-0116,Customer 0116,Corporate,Home & Kitchen,Blender,North,Retail Store,8,69.28,0.0,554.24,334.9,219.34
ORD-11318,2024-09-08,CUST-0116,Customer 0116,Corporate,Furniture,Desk,South,Online,8,240.56,0.2,1539.58,925.11,614.47
ORD-11319,2025-03-25,CUST-0213,Customer 0213,Corporate,Home & Kitchen,Vacuum Cleaner,West,Marketplace,4,190.22,0.1,684.79,500.92,183.87
ORD-11320,2024-09-26,CUST-0221,Customer 0221,Corporate,Office Supplies,Pen Set,East,Online,6,20.16,0.05,114.91,100.88,14.03
ORD-11321,2025-12-20,CUST-0127,Customer 0127,Home Office,Furniture,Bookshelf,West,Marketplace,3,137.32,0.0,411.96,339.65,72.31
ORD-11322,2025-09-10,CUST-0117,Customer 0117,Consumer,Office Supplies,Notebook,West,Retail Store,6,12.73,0.2,61.1,54.49,6.61
ORD-11323,2025-04-16,CUST-0317,Customer 0317,Consumer,Home & Kitchen,Blender,North,Marketplace,8,77.05,0.1,554.76,317.67,237.09
ORD-11324,2024-12-21,CUST-0245,Customer 0245,Home Office,Fashion,T-Shirt,East,Marketplace,3,26.37,0.0,79.11,45.32,33.79
ORD-11325,2025-12-31,CUST-0307,Customer 0307,Corporate,Office Supplies,Notebook,South,Marketplace,8,12.74,0.1,91.73,80.72,11.01
ORD-11326,2025-07-05,CUST-0346,Customer 0346,Home Office,Fashion,Jacket,West,Online,5,82.78,0.05,393.2,326.14,67.06
ORD-11327,2024-01-07,CUST-0313,Customer 0313,Consumer,Home & Kitchen,Lamp,North,Marketplace,1,48.44,0.2,38.75,29.28,9.47
ORD-11328,2024-07-18,CUST-0128,Customer 0128,Home Office,Fashion,Jeans,North,Retail Store,3,47.24,0.0,141.72,124.02,17.7
ORD-11329,2025-02-17,CUST-0294,Customer 0294,Corporate,Electronics,Laptop,South,Online,7,723.29,0.1,4556.73,3262.81,1293.92
ORD-11330,2024-06-30,CUST-0221,Customer 0221,Consumer,Office Supplies,Pen Set,South,Retail Store,5,15.79,0.1,71.05,45.56,25.49
ORD-11331,2025-04-07,CUST-0049,Customer 0049,Home Office,Electronics,Headphones,North,Marketplace,5,89.1,0.0,445.5,254.52,190.98
ORD-11332,2024-06-21,CUST-0001,Customer 0001,Home Office,Office Supplies,Notebook,East,Online,1,11.38,0.0,11.38,7.48,3.9
ORD-11333,2025-10-13,CUST-0318,Customer 0318,Consumer,Furniture,Desk,South,Marketplace,8,222.32,0.0,1778.56,1585.62,192.94
ORD-11334,2025-03-27,CUST-0091,Customer 0091,Home Office,Office Supplies,Printer,North,Retail Store,3,240.55,0.1,649.49,366.03,283.46
ORD-11335,2024-12-23,CUST-0350,Customer 0350,Corporate,Office Supplies,Notebook,South,Marketplace,3,12.07,0.15,30.78,26.63,4.15
ORD-11336,2025-04-10,CUST-0338,Customer 0338,Consumer,Furniture,Bookshelf,East,Online,7,135.98,0.1,856.67,671.67,185.0
ORD-11337,2024-09-02,CUST-0252,Customer 0252,Corporate,Office Supplies,Printer,North,Marketplace,4,241.49,0.1,869.36,495.99,373.37
ORD-11338,2025-06-23,CUST-0289,Customer 0289,Consumer,Electronics,Headphones,West,Online,7,83.44,0.15,496.47,322.16,174.31
ORD-11339,2025-02-17,CUST-0223,Customer 0223,Corporate,Office Supplies,Paper Pack,West,Marketplace,7,24.93,0.0,174.51,125.98,48.53
ORD-11340,2025-05-24,CUST-0148,Customer 0148,Consumer,Fashion,Jacket,East,Marketplace,1,98.94,0.15,84.1,51.79,32.31
ORD-11341,2025-10-18,CUST-0161,Customer 0161,Corporate,Home & Kitchen,Cookware Set,South,Retail Store,1,120.17,0.15,102.14,90.74,11.4
ORD-11342,2025-12-01,CUST-0223,Customer 0223,Consumer,Home & Kitchen,Blender,North,Retail Store,3,72.09,0.15,183.83,146.09,37.74
ORD-11343,2025-12-30,CUST-0164,Customer 0164,Home Office,Furniture,Desk,North,Online,2,200.44,0.2,320.7,199.59,121.11
ORD-11344,2025-12-06,CUST-0060,Customer 0060,Corporate,Fashion,Jeans,South,Retail Store,5,61.67,0.0,308.35,240.78,67.57
ORD-11345,2025-02-15,CUST-0023,Customer 0023,Corporate,Furniture,Bookshelf,West,Marketplace,3,123.56,0.0,370.68,284.54,86.14
ORD-11346,2024-07-28,CUST-0335,Customer 0335,Corporate,Home & Kitchen,Lamp,West,Retail Store,5,47.57,0.1,214.06,148.89,65.17
ORD-11347,2024-09-16,CUST-0308,Customer 0308,Corporate,Furniture,Sofa,South,Marketplace,1,687.54,0.2,550.03,310.56,239.47
ORD-11348,2025-10-14,CUST-0059,Customer 0059,Consumer,Furniture,Office Chair,East,Online,2,168.1,0.0,336.2,242.4,93.8
ORD-11349,2024-10-18,CUST-0275,Customer 0275,Consumer,Office Supplies,Paper Pack,West,Online,5,27.67,0.05,131.43,84.32,47.11
ORD-11350,2024-07-24,CUST-0066,Customer 0066,Consumer,Electronics,Smartwatch,West,Online,1,178.86,0.1,160.97,94.81,66.16
ORD-11351,2024-09-04,CUST-0224,Customer 0224,Consumer,Electronics,Laptop,South,Online,6,803.63,0.1,4339.6,3058.15,1281.45
ORD-11352,2025-08-05,CUST-0008,Customer 0008,Consumer,Office Supplies,Notebook,East,Retail Store,3,13.29,0.05,37.88,24.16,13.72
ORD-11353,2025-02-04,CUST-0195,Customer 0195,Home Office,Furniture,Office Chair,South,Retail Store,3,150.25,0.05,428.21,269.27,158.94
ORD-11354,2025-03-27,CUST-0036,Customer 0036,Consumer,Fashion,T-Shirt,East,Online,4,25.21,0.15,85.71,63.85,21.86
ORD-11355,2025-02-23,CUST-0266,Customer 0266,Corporate,Electronics,Laptop,East,Online,1,799.61,0.15,679.67,546.07,133.6
ORD-11356,2025-12-01,CUST-0120,Customer 0120,Corporate,Furniture,Office Chair,North,Online,1,127.65,0.1,114.89,65.54,49.35
ORD-11357,2024-01-21,CUST-0333,Customer 0333,Home Office,Electronics,Laptop,West,Retail Store,8,782.58,0.15,5321.54,3452.96,1868.58
ORD-11358,2025-09-19,CUST-0129,Customer 0129,Consumer,Furniture,Sofa,West,Marketplace,6,641.22,0.2,3077.86,2683.28,394.58
ORD-11359,2024-05-27,CUST-0147,Customer 0147,Corporate,Office Supplies,Printer,North,Retail Store,3,321.93,0.1,869.21,746.37,122.84
ORD-11360,2024-02-13,CUST-0236,Customer 0236,Corporate,Office Supplies,Printer,South,Marketplace,7,311.9,0.2,1746.64,1481.31,265.33
ORD-11361,2025-02-19,CUST-0216,Customer 0216,Corporate,Office Supplies,Printer,West,Retail Store,7,299.61,0.1,1887.54,1331.4,556.14
ORD-11362,2025-11-12,CUST-0205,Customer 0205,Home Office,Office Supplies,Pen Set,South,Marketplace,3,18.16,0.2,43.58,27.72,15.86
ORD-11363,2025-04-19,CUST-0281,Customer 0281,Consumer,Furniture,Bookshelf,West,Online,7,125.18,0.05,832.45,520.06,312.39
ORD-11364,2024-11-03,CUST-0320,Customer 0320,Consumer,Home & Kitchen,Vacuum Cleaner,West,Marketplace,7,191.06,0.0,1337.42,893.65,443.77
ORD-11365,2025-03-29,CUST-0013,Customer 0013,Home Office,Fashion,Jeans,South,Marketplace,4,56.11,0.1,202.0,123.28,78.72
ORD-11366,2024-06-03,CUST-0211,Customer 0211,Corporate,Fashion,Jeans,East,Marketplace,6,50.8,0.1,274.32,221.78,52.54
ORD-11367,2025-11-23,CUST-0050,Customer 0050,Consumer,Home & Kitchen,Blender,East,Online,2,64.23,0.0,128.46,112.02,16.44
ORD-11368,2024-07-26,CUST-0078,Customer 0078,Corporate,Office Supplies,Pen Set,West,Retail Store,4,19.84,0.05,75.39,51.04,24.35
ORD-11369,2024-10-23,CUST-0156,Customer 0156,Consumer,Office Supplies,Printer,West,Online,2,251.42,0.15,427.41,366.8,60.61
ORD-11370,2024-06-11,CUST-0288,Customer 0288,Consumer,Home & Kitchen,Vacuum Cleaner,North,Marketplace,8,240.45,0.2,1538.88,1218.0,320.88
ORD-11371,2024-04-09,CUST-0021,Customer 0021,Consumer,Furniture,Sofa,East,Retail Store,3,644.7,0.1,1740.69,1247.91,492.78
ORD-11372,2025-04-03,CUST-0011,Customer 0011,Consumer,Home & Kitchen,Cookware Set,East,Online,8,142.8,0.2,913.92,785.94,127.98
ORD-11373,2025-10-01,CUST-0154,Customer 0154,Home Office,Furniture,Desk,South,Marketplace,7,194.32,0.0,1360.24,1193.28,166.96
ORD-11374,2025-12-29,CUST-0043,Customer 0043,Home Office,Office Supplies,Pen Set,West,Online,6,20.61,0.15,105.11,76.01,29.1
ORD-11375,2024-07-15,CUST-0263,Customer 0263,Corporate,Office Supplies,Pen Set,South,Online,5,20.18,0.15,85.77,47.88,37.89
ORD-11376,2024-09-26,CUST-0230,Customer 0230,Home Office,Furniture,Bookshelf,West,Marketplace,7,103.46,0.05,688.01,559.01,129.0
ORD-11377,2025-07-18,CUST-0017,Customer 0017,Corporate,Electronics,Headphones,West,Online,3,68.26,0.15,174.06,130.68,43.38
ORD-11378,2025-02-01,CUST-0019,Customer 0019,Home Office,Fashion,Sneakers,West,Retail Store,5,105.88,0.2,423.52,287.31,136.21
ORD-11379,2024-12-20,CUST-0134,Customer 0134,Corporate,Office Supplies,Printer,North,Marketplace,4,261.66,0.1,941.98,545.55,396.43
ORD-11380,2024-01-24,CUST-0066,Customer 0066,Consumer,Office Supplies,Notebook,South,Online,2,10.47,0.0,20.94,14.25,6.69
ORD-11381,2024-01-14,CUST-0175,Customer 0175,Corporate,Electronics,Laptop,East,Marketplace,2,768.62,0.0,1537.24,1365.03,172.21
ORD-11382,2024-02-27,CUST-0072,Customer 0072,Home Office,Electronics,Laptop,North,Online,4,845.98,0.2,2707.14,1664.76,1042.38
ORD-11383,2024-08-03,CUST-0026,Customer 0026,Corporate,Fashion,Jeans,South,Marketplace,2,52.04,0.1,93.67,68.87,24.8
ORD-11384,2025-04-25,CUST-0148,Customer 0148,Consumer,Fashion,Jeans,South,Retail Store,1,49.8,0.1,44.82,24.75,20.07
ORD-11385,2025-12-17,CUST-0064,Customer 0064,Consumer,Furniture,Desk,South,Retail Store,2,199.35,0.0,398.7,264.14,134.56
ORD-11386,2025-09-07,CUST-0212,Customer 0212,Home Office,Home & Kitchen,Lamp,South,Marketplace,5,44.01,0.0,220.05,184.53,35.52
ORD-11387,2024-10-15,CUST-0083,Customer 0083,Home Office,Electronics,Headphones,North,Marketplace,2,69.51,0.0,139.02,93.21,45.81
ORD-11388,2025-11-21,CUST-0229,Customer 0229,Corporate,Fashion,T-Shirt,North,Marketplace,1,26.31,0.2,21.05,13.92,7.13
ORD-11389,2025-04-06,CUST-0184,Customer 0184,Corporate,Office Supplies,Pen Set,South,Online,8,18.0,0.05,136.8,111.79,25.01
ORD-11390,2024-02-13,CUST-0181,Customer 0181,Corporate,Home & Kitchen,Cookware Set,West,Retail Store,7,155.96,0.1,982.55,651.95,330.6
ORD-11391,2024-05-25,CUST-0198,Customer 0198,Corporate,Fashion,Jeans,South,Retail Store,7,61.16,0.0,428.12,353.58,74.54
ORD-11392,2025-03-20,CUST-0339,Customer 0339,Consumer,Office Supplies,Notebook,North,Retail Store,3,12.33,0.0,36.99,22.73,14.26
ORD-11393,2024-10-04,CUST-0173,Customer 0173,Home Office,Fashion,Jeans,East,Online,4,54.96,0.0,219.84,133.09,86.75
ORD-11394,2025-09-13,CUST-0256,Customer 0256,Home Office,Furniture,Sofa,North,Retail Store,7,737.23,0.1,4644.55,2814.31,1830.24
ORD-11395,2024-11-27,CUST-0245,Customer 0245,Consumer,Electronics,Laptop,West,Retail Store,5,690.41,0.0,3452.05,3038.38,413.67
ORD-11396,2025-10-08,CUST-0082,Customer 0082,Home Office,Electronics,Headphones,North,Marketplace,6,75.45,0.2,362.16,277.58,84.58
ORD-11397,2024-12-15,CUST-0192,Customer 0192,Consumer,Furniture,Bookshelf,West,Retail Store,3,122.35,0.05,348.7,249.58,99.12
ORD-11398,2024-08-02,CUST-0168,Customer 0168,Corporate,Fashion,Jeans,East,Marketplace,4,57.21,0.05,217.4,188.19,29.21
ORD-11399,2025-12-16,CUST-0100,Customer 0100,Consumer,Office Supplies,Pen Set,South,Online,3,19.52,0.05,55.63,41.74,13.89
ORD-11400,2024-01-20,CUST-0161,Customer 0161,Consumer,Fashion,Sneakers,West,Retail Store,2,118.26,0.1,212.87,163.54,49.33
ORD-11401,2024-03-09,CUST-0231,Customer 0231,Consumer,Home & Kitchen,Lamp,East,Online,7,48.93,0.0,342.51,221.49,121.02
ORD-11402,2024-08-16,CUST-0325,Customer 0325,Home Office,Fashion,Jeans,South,Retail Store,1,52.63,0.05,50.0,38.36,11.64
ORD-11403,2024-11-17,CUST-0310,Customer 0310,Home Office,Office Supplies,Paper Pack,North,Retail Store,4,22.66,0.2,72.51,63.32,9.19
ORD-11404,2025-06-20,CUST-0259,Customer 0259,Consumer,Electronics,Smartphone,East,Retail Store,5,543.61,0.0,2718.05,1897.33,820.72
ORD-11405,2024-10-30,CUST-0013,Customer 0013,Corporate,Furniture,Desk,West,Online,1,229.5,0.2,183.6,128.06,55.54
ORD-11406,2025-07-22,CUST-0081,Customer 0081,Corporate,Fashion,Sneakers,South,Marketplace,8,97.06,0.05,737.66,476.34,261.32
ORD-11407,2024-10-18,CUST-0084,Customer 0084,Corporate,Home & Kitchen,Vacuum Cleaner,West,Retail Store,3,238.73,0.05,680.38,403.72,276.66
ORD-11408,2025-01-19,CUST-0282,Customer 0282,Consumer,Furniture,Bookshelf,East,Marketplace,1,117.63,0.2,94.1,62.42,31.68
ORD-11409,2024-11-27,CUST-0290,Customer 0290,Consumer,Electronics,Headphones,West,Online,1,69.34,0.15,58.94,47.21,11.73
ORD-11410,2024-06-04,CUST-0053,Customer 0053,Corporate,Electronics,Smartphone,East,Online,3,460.25,0.2,1104.6,899.29,205.31
ORD-11411,2024-03-12,CUST-0253,Customer 0253,Corporate,Fashion,Jacket,South,Marketplace,7,78.18,0.15,465.17,323.63,141.54
ORD-11412,2025-04-04,CUST-0082,Customer 0082,Home Office,Electronics,Smartphone,North,Online,2,459.11,0.05,872.31,497.02,375.29
ORD-11413,2024-02-13,CUST-0022,Customer 0022,Consumer,Furniture,Sofa,East,Retail Store,4,737.74,0.0,2950.96,2608.79,342.17
ORD-11414,2024-01-20,CUST-0262,Customer 0262,Corporate,Fashion,Sneakers,North,Online,5,94.28,0.1,424.26,339.48,84.78
ORD-11415,2024-08-01,CUST-0118,Customer 0118,Corporate,Furniture,Office Chair,South,Retail Store,8,143.22,0.0,1145.76,662.5,483.26
ORD-11416,2025-07-03,CUST-0004,Customer 0004,Consumer,Furniture,Desk,South,Marketplace,5,223.71,0.05,1062.62,774.45,288.17
ORD-11417,2024-07-19,CUST-0168,Customer 0168,Consumer,Office Supplies,Pen Set,West,Marketplace,5,15.94,0.1,71.73,46.62,25.11
ORD-11418,2024-07-28,CUST-0095,Customer 0095,Consumer,Home & Kitchen,Vacuum Cleaner,South,Marketplace,2,202.91,0.0,405.82,238.36,167.46
ORD-11419,2025-08-30,CUST-0156,Customer 0156,Home Office,Office Supplies,Printer,East,Online,6,242.57,0.1,1309.88,1007.48,302.4
ORD-11420,2024-11-13,CUST-0007,Customer 0007,Home Office,Home & Kitchen,Blender,West,Marketplace,4,83.11,0.0,332.44,206.85,125.59
ORD-11421,2025-02-04,CUST-0309,Customer 0309,Home Office,Office Supplies,Paper Pack,South,Online,3,24.85,0.1,67.1,50.92,16.18
ORD-11422,2024-01-01,CUST-0016,Customer 0016,Corporate,Home & Kitchen,Blender,West,Retail Store,1,85.05,0.0,85.05,74.47,10.58
ORD-11423,2024-04-09,CUST-0028,Customer 0028,Home Office,Home & Kitchen,Cookware Set,East,Online,6,146.12,0.0,876.72,780.13,96.59
ORD-11424,2025-10-31,CUST-0012,Customer 0012,Corporate,Office Supplies,Paper Pack,West,Online,5,27.99,0.0,139.95,91.77,48.18
ORD-11425,2025-05-02,CUST-0090,Customer 0090,Home Office,Electronics,Laptop,East,Retail Store,1,656.87,0.0,656.87,415.26,241.61
ORD-11426,2024-03-05,CUST-0079,Customer 0079,Consumer,Electronics,Smartwatch,West,Retail Store,4,174.47,0.0,697.88,476.02,221.86
ORD-11427,2024-06-28,CUST-0007,Customer 0007,Corporate,Fashion,Sneakers,East,Marketplace,1,95.58,0.2,76.46,62.65,13.81
ORD-11428,2024-09-30,CUST-0013,Customer 0013,Consumer,Fashion,Jeans,North,Marketplace,5,50.62,0.0,253.1,178.89,74.21
ORD-11429,2024-08-25,CUST-0025,Customer 0025,Corporate,Fashion,Sneakers,South,Retail Store,5,96.42,0.05,458.0,310.78,147.22
ORD-11430,2024-11-24,CUST-0328,Customer 0328,Corporate,Office Supplies,Printer,East,Retail Store,6,252.61,0.1,1364.09,942.07,422.02
ORD-11431,2025-11-22,CUST-0278,Customer 0278,Corporate,Furniture,Sofa,South,Retail Store,7,739.97,0.05,4920.8,2855.32,2065.48
ORD-11432,2025-04-06,CUST-0277,Customer 0277,Home Office,Office Supplies,Paper Pack,South,Marketplace,3,23.83,0.0,71.49,62.3,9.19
ORD-11433,2025-08-10,CUST-0072,Customer 0072,Consumer,Office Supplies,Printer,North,Marketplace,4,271.29,0.2,868.13,727.67,140.46
ORD-11434,2024-09-17,CUST-0282,Customer 0282,Corporate,Electronics,Laptop,West,Online,3,688.53,0.2,1652.47,1319.35,333.12
ORD-11435,2025-07-15,CUST-0203,Customer 0203,Home Office,Office Supplies,Pen Set,North,Online,7,18.42,0.0,128.94,104.76,24.18
ORD-11436,2025-12-11,CUST-0097,Customer 0097,Consumer,Fashion,Jeans,East,Online,1,59.95,0.15,50.96,36.86,14.1
ORD-11437,2024-08-02,CUST-0278,Customer 0278,Consumer,Fashion,Jacket,South,Online,2,77.13,0.0,154.26,86.52,67.74
ORD-11438,2024-09-16,CUST-0232,Customer 0232,Consumer,Electronics,Laptop,East,Retail Store,2,850.1,0.1,1530.18,1195.92,334.26
ORD-11439,2024-08-01,CUST-0156,Customer 0156,Home Office,Fashion,Jacket,North,Marketplace,7,92.42,0.15,549.9,394.53,155.37
ORD-11440,2025-05-26,CUST-0164,Customer 0164,Corporate,Fashion,T-Shirt,North,Retail Store,6,23.17,0.0,139.02,99.5,39.52
ORD-11441,2025-12-02,CUST-0252,Customer 0252,Consumer,Home & Kitchen,Lamp,West,Retail Store,1,38.77,0.1,34.89,25.14,9.75
ORD-11442,2024-03-25,CUST-0126,Customer 0126,Home Office,Home & Kitchen,Blender,West,Online,2,72.3,0.1,130.14,86.94,43.2
ORD-11443,2025-07-19,CUST-0232,Customer 0232,Consumer,Office Supplies,Pen Set,North,Marketplace,4,17.52,0.15,59.57,32.98,26.59
ORD-11444,2025-05-29,CUST-0093,Customer 0093,Home Office,Fashion,T-Shirt,North,Retail Store,8,26.48,0.05,201.25,138.03,63.22
ORD-11445,2025-12-15,CUST-0265,Customer 0265,Consumer,Home & Kitchen,Blender,North,Retail Store,8,84.05,0.0,672.4,438.87,233.53
ORD-11446,2025-03-12,CUST-0057,Customer 0057,Consumer,Home & Kitchen,Lamp,West,Marketplace,3,40.94,0.0,122.82,88.45,34.37
ORD-11447,2024-02-14,CUST-0155,Customer 0155,Corporate,Furniture,Sofa,South,Marketplace,3,618.81,0.0,1856.43,1464.84,391.59
ORD-11448,2024-04-13,CUST-0085,Customer 0085,Home Office,Fashion,T-Shirt,North,Retail Store,3,26.8,0.0,80.4,70.86,9.54
ORD-11449,2025-12-16,CUST-0221,Customer 0221,Home Office,Fashion,Jacket,North,Retail Store,1,90.68,0.2,72.54,57.51,15.03
ORD-11450,2024-10-12,CUST-0224,Customer 0224,Home Office,Fashion,T-Shirt,East,Retail Store,7,21.74,0.0,152.18,97.7,54.48
ORD-11451,2024-05-20,CUST-0062,Customer 0062,Consumer,Fashion,Jeans,West,Marketplace,1,48.18,0.0,48.18,29.65,18.53
ORD-11452,2025-07-24,CUST-0135,Customer 0135,Home Office,Home & Kitchen,Lamp,West,Online,8,51.36,0.0,410.88,320.36,90.52
ORD-11453,2024-08-25,CUST-0104,Customer 0104,Consumer,Home & Kitchen,Blender,East,Online,3,66.75,0.05,190.24,151.34,38.9
ORD-11454,2024-04-25,CUST-0269,Customer 0269,Consumer,Home & Kitchen,Blender,East,Online,5,75.69,0.15,321.68,211.08,110.6
ORD-11455,2024-07-12,CUST-0340,Customer 0340,Corporate,Fashion,Jeans,North,Online,8,54.65,0.1,393.48,230.05,163.43
ORD-11456,2024-03-10,CUST-0245,Customer 0245,Corporate,Furniture,Desk,East,Online,2,197.87,0.15,336.38,258.82,77.56
ORD-11457,2024-03-02,CUST-0222,Customer 0222,Home Office,Office Supplies,Paper Pack,East,Retail Store,1,27.1,0.05,25.75,14.41,11.34
ORD-11458,2024-05-10,CUST-0246,Customer 0246,Consumer,Fashion,Jeans,East,Retail Store,7,61.14,0.2,342.38,264.44,77.94
ORD-11459,2025-09-06,CUST-0016,Customer 0016,Consumer,Electronics,Smartwatch,North,Retail Store,7,183.33,0.0,1283.31,1022.24,261.07
ORD-11460,2024-10-14,CUST-0238,Customer 0238,Corporate,Office Supplies,Paper Pack,West,Marketplace,6,27.52,0.05,156.86,119.5,37.36
ORD-11461,2025-12-05,CUST-0302,Customer 0302,Corporate,Fashion,Sneakers,North,Retail Store,3,104.62,0.1,282.47,223.72,58.75
ORD-11462,2024-10-22,CUST-0305,Customer 0305,Consumer,Office Supplies,Pen Set,South,Retail Store,4,20.3,0.05,77.14,51.18,25.96
ORD-11463,2024-12-09,CUST-0266,Customer 0266,Home Office,Office Supplies,Printer,South,Marketplace,7,260.17,0.05,1730.13,1208.23,521.9
ORD-11464,2024-07-13,CUST-0186,Customer 0186,Consumer,Furniture,Bookshelf,North,Marketplace,6,130.73,0.0,784.38,591.12,193.26
ORD-11465,2024-07-29,CUST-0307,Customer 0307,Corporate,Office Supplies,Printer,South,Retail Store,6,312.53,0.0,1875.18,1562.69,312.49
ORD-11466,2025-08-04,CUST-0236,Customer 0236,Consumer,Fashion,Jacket,West,Marketplace,6,83.38,0.0,500.28,287.77,212.51
ORD-11467,2024-03-09,CUST-0097,Customer 0097,Home Office,Fashion,T-Shirt,East,Marketplace,5,24.66,0.1,110.97,99.52,11.45
ORD-11468,2024-07-22,CUST-0137,Customer 0137,Consumer,Home & Kitchen,Vacuum Cleaner,West,Retail Store,1,218.07,0.1,196.26,141.57,54.69
ORD-11469,2024-05-02,CUST-0072,Customer 0072,Consumer,Fashion,Jacket,North,Online,3,86.26,0.0,258.78,214.91,43.87
ORD-11470,2025-07-15,CUST-0275,Customer 0275,Home Office,Office Supplies,Notebook,West,Online,5,13.02,0.0,65.1,56.9,8.2
ORD-11471,2024-01-11,CUST-0058,Customer 0058,Consumer,Electronics,Laptop,South,Online,6,799.4,0.15,4076.94,2647.83,1429.11
ORD-11472,2025-07-19,CUST-0182,Customer 0182,Consumer,Home & Kitchen,Lamp,South,Retail Store,4,38.56,0.0,154.24,116.37,37.87
ORD-11473,2024-06-13,CUST-0047,Customer 0047,Corporate,Furniture,Office Chair,South,Online,5,133.11,0.1,599.0,381.06,217.94
ORD-11474,2024-06-26,CUST-0113,Customer 0113,Corporate,Fashion,Jeans,West,Retail Store,5,46.8,0.0,234.0,183.67,50.33
ORD-11475,2024-04-12,CUST-0042,Customer 0042,Corporate,Furniture,Desk,West,Online,7,216.31,0.2,1211.34,730.0,481.34
ORD-11476,2024-07-29,CUST-0345,Customer 0345,Corporate,Home & Kitchen,Lamp,North,Retail Store,8,48.91,0.1,352.15,258.26,93.89
ORD-11477,2025-03-28,CUST-0311,Customer 0311,Home Office,Home & Kitchen,Vacuum Cleaner,West,Online,4,187.6,0.05,712.88,411.39,301.49
ORD-11478,2024-08-11,CUST-0161,Customer 0161,Consumer,Fashion,Jeans,West,Marketplace,6,51.27,0.1,276.86,221.55,55.31
ORD-11479,2025-12-03,CUST-0289,Customer 0289,Consumer,Fashion,T-Shirt,West,Marketplace,4,26.48,0.2,84.74,60.02,24.72
ORD-11480,2025-01-25,CUST-0011,Customer 0011,Consumer,Office Supplies,Pen Set,West,Retail Store,8,19.21,0.1,138.31,120.08,18.23
ORD-11481,2024-10-02,CUST-0188,Customer 0188,Home Office,Office Supplies,Printer,South,Online,5,251.28,0.1,1130.76,708.64,422.12
ORD-11482,2024-02-19,CUST-0118,Customer 0118,Home Office,Fashion,Jacket,North,Retail Store,2,101.23,0.2,161.97,94.32,67.65
ORD-11483,2025-04-08,CUST-0077,Customer 0077,Consumer,Electronics,Headphones,South,Retail Store,5,88.6,0.0,443.0,286.83,156.17
ORD-11484,2025-06-17,CUST-0035,Customer 0035,Home Office,Office Supplies,Printer,South,Retail Store,4,290.16,0.0,1160.64,870.96,289.68
ORD-11485,2025-03-09,CUST-0086,Customer 0086,Home Office,Home & Kitchen,Vacuum Cleaner,North,Online,4,229.39,0.0,917.56,567.41,350.15
ORD-11486,2024-07-02,CUST-0274,Customer 0274,Consumer,Electronics,Headphones,South,Marketplace,2,81.28,0.1,146.3,99.36,46.94
ORD-11487,2024-01-09,CUST-0167,Customer 0167,Home Office,Furniture,Desk,North,Retail Store,3,220.87,0.05,629.48,350.78,278.7
ORD-11488,2024-02-19,CUST-0241,Customer 0241,Corporate,Furniture,Desk,East,Retail Store,3,202.97,0.0,608.91,464.68,144.23
ORD-11489,2024-06-28,CUST-0057,Customer 0057,Consumer,Furniture,Sofa,West,Online,4,677.33,0.0,2709.32,2205.6,503.72
ORD-11490,2025-04-16,CUST-0271,Customer 0271,Home Office,Electronics,Headphones,West,Marketplace,8,86.1,0.2,551.04,409.21,141.83
ORD-11491,2025-09-12,CUST-0296,Customer 0296,Home Office,Fashion,Jacket,West,Online,7,90.63,0.05,602.69,417.48,185.21
ORD-11492,2024-03-16,CUST-0308,Customer 0308,Corporate,Electronics,Smartphone,West,Retail Store,6,442.33,0.05,2521.28,2184.58,336.7
ORD-11493,2024-11-18,CUST-0250,Customer 0250,Consumer,Office Supplies,Notebook,West,Marketplace,4,10.98,0.0,43.92,36.07,7.85
ORD-11494,2025-02-09,CUST-0126,Customer 0126,Corporate,Furniture,Bookshelf,West,Retail Store,3,134.42,0.0,403.26,349.34,53.92
ORD-11495,2025-01-15,CUST-0105,Customer 0105,Consumer,Fashion,Sneakers,North,Retail Store,8,107.22,0.0,857.76,487.18,370.58
ORD-11496,2024-12-24,CUST-0239,Customer 0239,Corporate,Office Supplies,Notebook,East,Marketplace,7,13.34,0.2,74.7,43.13,31.57
ORD-11497,2024-02-11,CUST-0246,Customer 0246,Home Office,Home & Kitchen,Vacuum Cleaner,South,Online,2,199.38,0.05,378.82,249.5,129.32
ORD-11498,2025-12-29,CUST-0288,Customer 0288,Home Office,Electronics,Smartphone,East,Online,5,428.7,0.0,2143.5,1342.99,800.51
ORD-11499,2024-12-08,CUST-0314,Customer 0314,Consumer,Fashion,Sneakers,North,Retail Store,8,114.02,0.05,866.55,563.02,303.53
ORD-11500,2025-06-10,CUST-0019,Customer 0019,Home Office,Fashion,Sneakers,West,Marketplace,2,124.29,0.0,248.58,169.6,78.98
ORD-10101,2024-11-12,CUST-0226,Customer 0226,Corporate,Electronics,Laptop,East,Marketplace,1,719.59,0.15,611.65,364.54,247.11
ORD-10201,2024-12-09,CUST-0146,Customer 0146,Consumer,Home & Kitchen,Blender,West,Retail Store,8,75.97,0.2,486.21,351.47,134.74
ORD-10301,2024-01-02,CUST-0337,Customer 0337,Home Office,Electronics,Headphones,South,Retail Store,7,85.45,0.2,478.52,280.6,197.92
